season,date,home_team,away_team,home_score,away_score,status
2023,2023-08-11T19:00:00Z,Burnley FC,Manchester City FC,0.0,3.0,FINISHED
2023,2023-08-12T12:00:00Z,Arsenal FC,Nottingham Forest FC,2.0,1.0,FINISHED
2023,2023-08-12T14:00:00Z,AFC Bournemouth,West Ham United FC,1.0,1.0,FINISHED
2023,2023-08-12T14:00:00Z,Brighton & Hove Albion FC,Luton Town FC,4.0,1.0,FINISHED
2023,2023-08-12T14:00:00Z,Everton FC,Fulham FC,0.0,1.0,FINISHED
2023,2023-08-12T14:00:00Z,Sheffield United FC,Crystal Palace FC,0.0,1.0,FINISHED
2023,2023-08-12T16:30:00Z,Newcastle United FC,Aston Villa FC,5.0,1.0,FINISHED
2023,2023-08-13T13:00:00Z,Brentford FC,Tottenham Hotspur FC,2.0,2.0,FINISHED
2023,2023-08-13T15:30:00Z,Chelsea FC,Liverpool FC,1.0,1.0,FINISHED
2023,2023-08-14T19:00:00Z,Manchester United FC,Wolverhampton Wanderers FC,1.0,0.0,FINISHED
2023,2023-08-18T18:45:00Z,Nottingham Forest FC,Sheffield United FC,2.0,1.0,FINISHED
2023,2023-08-19T14:00:00Z,Fulham FC,Brentford FC,0.0,3.0,FINISHED
2023,2023-08-19T14:00:00Z,Liverpool FC,AFC Bournemouth,3.0,1.0,FINISHED
2023,2023-08-19T14:00:00Z,Wolverhampton Wanderers FC,Brighton & Hove Albion FC,1.0,4.0,FINISHED
2023,2023-08-19T16:30:00Z,Tottenham Hotspur FC,Manchester United FC,2.0,0.0,FINISHED
2023,2023-08-19T19:00:00Z,Manchester City FC,Newcastle United FC,1.0,0.0,FINISHED
2023,2023-08-20T13:00:00Z,Aston Villa FC,Everton FC,4.0,0.0,FINISHED
2023,2023-08-20T15:30:00Z,West Ham United FC,Chelsea FC,3.0,1.0,FINISHED
2023,2023-08-21T19:00:00Z,Crystal Palace FC,Arsenal FC,0.0,1.0,FINISHED
2023,2023-08-25T19:00:00Z,Chelsea FC,Luton Town FC,3.0,0.0,FINISHED
2023,2023-08-26T11:30:00Z,AFC Bournemouth,Tottenham Hotspur FC,0.0,2.0,FINISHED
2023,2023-08-26T14:00:00Z,Everton FC,Wolverhampton Wanderers FC,0.0,1.0,FINISHED
2023,2023-08-26T14:00:00Z,Manchester United FC,Nottingham Forest FC,3.0,2.0,FINISHED
2023,2023-08-26T14:00:00Z,Arsenal FC,Fulham FC,2.0,2.0,FINISHED
2023,2023-08-26T14:00:00Z,Brentford FC,Crystal Palace FC,1.0,1.0,FINISHED
2023,2023-08-26T16:30:00Z,Brighton & Hove Albion FC,West Ham United FC,1.0,3.0,FINISHED
2023,2023-08-27T13:00:00Z,Sheffield United FC,Manchester City FC,1.0,2.0,FINISHED
2023,2023-08-27T13:00:00Z,Burnley FC,Aston Villa FC,1.0,3.0,FINISHED
2023,2023-08-27T15:30:00Z,Newcastle United FC,Liverpool FC,1.0,2.0,FINISHED
2023,2023-09-01T19:00:00Z,Luton Town FC,West Ham United FC,1.0,2.0,FINISHED
2023,2023-09-02T11:30:00Z,Sheffield United FC,Everton FC,2.0,2.0,FINISHED
2023,2023-09-02T14:00:00Z,Brentford FC,AFC Bournemouth,2.0,2.0,FINISHED
2023,2023-09-02T14:00:00Z,Burnley FC,Tottenham Hotspur FC,2.0,5.0,FINISHED
2023,2023-09-02T14:00:00Z,Chelsea FC,Nottingham Forest FC,0.0,1.0,FINISHED
2023,2023-09-02T14:00:00Z,Manchester City FC,Fulham FC,5.0,1.0,FINISHED
2023,2023-09-02T16:30:00Z,Brighton & Hove Albion FC,Newcastle United FC,3.0,1.0,FINISHED
2023,2023-09-03T13:00:00Z,Crystal Palace FC,Wolverhampton Wanderers FC,3.0,2.0,FINISHED
2023,2023-09-03T13:00:00Z,Liverpool FC,Aston Villa FC,3.0,0.0,FINISHED
2023,2023-09-03T15:30:00Z,Arsenal FC,Manchester United FC,3.0,1.0,FINISHED
2023,2023-09-16T11:30:00Z,Wolverhampton Wanderers FC,Liverpool FC,1.0,3.0,FINISHED
2023,2023-09-16T14:00:00Z,Aston Villa FC,Crystal Palace FC,3.0,1.0,FINISHED
2023,2023-09-16T14:00:00Z,Fulham FC,Luton Town FC,1.0,0.0,FINISHED
2023,2023-09-16T14:00:00Z,Manchester United FC,Brighton & Hove Albion FC,1.0,3.0,FINISHED
2023,2023-09-16T14:00:00Z,Tottenham Hotspur FC,Sheffield United FC,2.0,1.0,FINISHED
2023,2023-09-16T14:00:00Z,West Ham United FC,Manchester City FC,1.0,3.0,FINISHED
2023,2023-09-16T16:30:00Z,Newcastle United FC,Brentford FC,1.0,0.0,FINISHED
2023,2023-09-17T13:00:00Z,AFC Bournemouth,Chelsea FC,0.0,0.0,FINISHED
2023,2023-09-17T15:30:00Z,Everton FC,Arsenal FC,0.0,1.0,FINISHED
2023,2023-09-18T18:45:00Z,Nottingham Forest FC,Burnley FC,1.0,1.0,FINISHED
2023,2023-09-23T14:00:00Z,Crystal Palace FC,Fulham FC,0.0,0.0,FINISHED
2023,2023-09-23T14:00:00Z,Luton Town FC,Wolverhampton Wanderers FC,1.0,1.0,FINISHED
2023,2023-09-23T14:00:00Z,Manchester City FC,Nottingham Forest FC,2.0,0.0,FINISHED
2023,2023-09-23T16:30:00Z,Brentford FC,Everton FC,1.0,3.0,FINISHED
2023,2023-09-23T19:00:00Z,Burnley FC,Manchester United FC,0.0,1.0,FINISHED
2023,2023-09-24T13:00:00Z,Arsenal FC,Tottenham Hotspur FC,2.0,2.0,FINISHED
2023,2023-09-24T13:00:00Z,Brighton & Hove Albion FC,AFC Bournemouth,3.0,1.0,FINISHED
2023,2023-09-24T13:00:00Z,Chelsea FC,Aston Villa FC,0.0,1.0,FINISHED
2023,2023-09-24T13:00:00Z,Liverpool FC,West Ham United FC,3.0,1.0,FINISHED
2023,2023-09-24T15:30:00Z,Sheffield United FC,Newcastle United FC,0.0,8.0,FINISHED
2023,2023-09-30T11:30:00Z,Aston Villa FC,Brighton & Hove Albion FC,6.0,1.0,FINISHED
2023,2023-09-30T14:00:00Z,AFC Bournemouth,Arsenal FC,0.0,4.0,FINISHED
2023,2023-09-30T14:00:00Z,Everton FC,Luton Town FC,1.0,2.0,FINISHED
2023,2023-09-30T14:00:00Z,Manchester United FC,Crystal Palace FC,0.0,1.0,FINISHED
2023,2023-09-30T14:00:00Z,Newcastle United FC,Burnley FC,2.0,0.0,FINISHED
2023,2023-09-30T14:00:00Z,West Ham United FC,Sheffield United FC,2.0,0.0,FINISHED
2023,2023-09-30T14:00:00Z,Wolverhampton Wanderers FC,Manchester City FC,2.0,1.0,FINISHED
2023,2023-09-30T16:30:00Z,Tottenham Hotspur FC,Liverpool FC,2.0,1.0,FINISHED
2023,2023-10-01T13:00:00Z,Nottingham Forest FC,Brentford FC,1.0,1.0,FINISHED
2023,2023-10-02T19:00:00Z,Fulham FC,Chelsea FC,0.0,2.0,FINISHED
2023,2023-10-03T18:30:00Z,Luton Town FC,Burnley FC,1.0,2.0,FINISHED
2023,2023-10-07T11:30:00Z,Luton Town FC,Tottenham Hotspur FC,0.0,1.0,FINISHED
2023,2023-10-07T14:00:00Z,Burnley FC,Chelsea FC,1.0,4.0,FINISHED
2023,2023-10-07T14:00:00Z,Everton FC,AFC Bournemouth,3.0,0.0,FINISHED
2023,2023-10-07T14:00:00Z,Fulham FC,Sheffield United FC,3.0,1.0,FINISHED
2023,2023-10-07T14:00:00Z,Manchester United FC,Brentford FC,2.0,1.0,FINISHED
2023,2023-10-07T16:30:00Z,Crystal Palace FC,Nottingham Forest FC,0.0,0.0,FINISHED
2023,2023-10-08T13:00:00Z,Brighton & Hove Albion FC,Liverpool FC,2.0,2.0,FINISHED
2023,2023-10-08T13:00:00Z,West Ham United FC,Newcastle United FC,2.0,2.0,FINISHED
2023,2023-10-08T13:00:00Z,Wolverhampton Wanderers FC,Aston Villa FC,1.0,1.0,FINISHED
2023,2023-10-08T15:30:00Z,Arsenal FC,Manchester City FC,1.0,0.0,FINISHED
2023,2023-10-21T11:30:00Z,Liverpool FC,Everton FC,2.0,0.0,FINISHED
2023,2023-10-21T14:00:00Z,AFC Bournemouth,Wolverhampton Wanderers FC,1.0,2.0,FINISHED
2023,2023-10-21T14:00:00Z,Brentford FC,Burnley FC,3.0,0.0,FINISHED
2023,2023-10-21T14:00:00Z,Manchester City FC,Brighton & Hove Albion FC,2.0,1.0,FINISHED
2023,2023-10-21T14:00:00Z,Newcastle United FC,Crystal Palace FC,4.0,0.0,FINISHED
2023,2023-10-21T14:00:00Z,Nottingham Forest FC,Luton Town FC,2.0,2.0,FINISHED
2023,2023-10-21T16:30:00Z,Chelsea FC,Arsenal FC,2.0,2.0,FINISHED
2023,2023-10-21T19:00:00Z,Sheffield United FC,Manchester United FC,1.0,2.0,FINISHED
2023,2023-10-22T15:30:00Z,Aston Villa FC,West Ham United FC,4.0,1.0,FINISHED
2023,2023-10-23T19:00:00Z,Tottenham Hotspur FC,Fulham FC,2.0,0.0,FINISHED
2023,2023-10-27T19:00:00Z,Crystal Palace FC,Tottenham Hotspur FC,1.0,2.0,FINISHED
2023,2023-10-28T11:30:00Z,Chelsea FC,Brentford FC,0.0,2.0,FINISHED
2023,2023-10-28T14:00:00Z,AFC Bournemouth,Burnley FC,2.0,1.0,FINISHED
2023,2023-10-28T14:00:00Z,Arsenal FC,Sheffield United FC,5.0,0.0,FINISHED
2023,2023-10-28T16:30:00Z,Wolverhampton Wanderers FC,Newcastle United FC,2.0,2.0,FINISHED
2023,2023-10-29T13:00:00Z,West Ham United FC,Everton FC,0.0,1.0,FINISHED
2023,2023-10-29T14:00:00Z,Aston Villa FC,Luton Town FC,3.0,1.0,FINISHED
2023,2023-10-29T14:00:00Z,Brighton & Hove Albion FC,Fulham FC,1.0,1.0,FINISHED
2023,2023-10-29T14:00:00Z,Liverpool FC,Nottingham Forest FC,3.0,0.0,FINISHED
2023,2023-10-29T15:30:00Z,Manchester United FC,Manchester City FC,0.0,3.0,FINISHED
2023,2023-11-04T12:30:00Z,Fulham FC,Manchester United FC,0.0,1.0,FINISHED
2023,2023-11-04T15:00:00Z,Brentford FC,West Ham United FC,3.0,2.0,FINISHED
2023,2023-11-04T15:00:00Z,Burnley FC,Crystal Palace FC,0.0,2.0,FINISHED
2023,2023-11-04T15:00:00Z,Everton FC,Brighton & Hove Albion FC,1.0,1.0,FINISHED
2023,2023-11-04T15:00:00Z,Manchester City FC,AFC Bournemouth,6.0,1.0,FINISHED
2023,2023-11-04T15:00:00Z,Sheffield United FC,Wolverhampton Wanderers FC,2.0,1.0,FINISHED
2023,2023-11-04T17:30:00Z,Newcastle United FC,Arsenal FC,1.0,0.0,FINISHED
2023,2023-11-05T14:00:00Z,Nottingham Forest FC,Aston Villa FC,2.0,0.0,FINISHED
2023,2023-11-05T16:30:00Z,Luton Town FC,Liverpool FC,1.0,1.0,FINISHED
2023,2023-11-06T20:00:00Z,Tottenham Hotspur FC,Chelsea FC,1.0,4.0,FINISHED
2023,2023-11-11T12:30:00Z,Wolverhampton Wanderers FC,Tottenham Hotspur FC,2.0,1.0,FINISHED
2023,2023-11-11T15:00:00Z,Arsenal FC,Burnley FC,3.0,1.0,FINISHED
2023,2023-11-11T15:00:00Z,Crystal Palace FC,Everton FC,2.0,3.0,FINISHED
2023,2023-11-11T15:00:00Z,Manchester United FC,Luton Town FC,1.0,0.0,FINISHED
2023,2023-11-11T17:30:00Z,AFC Bournemouth,Newcastle United FC,2.0,0.0,FINISHED
2023,2023-11-12T14:00:00Z,Aston Villa FC,Fulham FC,3.0,1.0,FINISHED
2023,2023-11-12T14:00:00Z,Brighton & Hove Albion FC,Sheffield United FC,1.0,1.0,FINISHED
2023,2023-11-12T14:00:00Z,Liverpool FC,Brentford FC,3.0,0.0,FINISHED
2023,2023-11-12T14:00:00Z,West Ham United FC,Nottingham Forest FC,3.0,2.0,FINISHED
2023,2023-11-12T16:30:00Z,Chelsea FC,Manchester City FC,4.0,4.0,FINISHED
2023,2023-11-25T12:30:00Z,Manchester City FC,Liverpool FC,1.0,1.0,FINISHED
2023,2023-11-25T15:00:00Z,Burnley FC,West Ham United FC,1.0,2.0,FINISHED
2023,2023-11-25T15:00:00Z,Luton Town FC,Crystal Palace FC,2.0,1.0,FINISHED
2023,2023-11-25T15:00:00Z,Newcastle United FC,Chelsea FC,4.0,1.0,FINISHED
2023,2023-11-25T15:00:00Z,Nottingham Forest FC,Brighton & Hove Albion FC,2.0,3.0,FINISHED
2023,2023-11-25T15:00:00Z,Sheffield United FC,AFC Bournemouth,1.0,3.0,FINISHED
2023,2023-11-25T17:30:00Z,Brentford FC,Arsenal FC,0.0,1.0,FINISHED
2023,2023-11-26T14:00:00Z,Tottenham Hotspur FC,Aston Villa FC,1.0,2.0,FINISHED
2023,2023-11-26T16:30:00Z,Everton FC,Manchester United FC,0.0,3.0,FINISHED
2023,2023-11-27T20:00:00Z,Fulham FC,Wolverhampton Wanderers FC,3.0,2.0,FINISHED
2023,2023-12-02T15:00:00Z,Arsenal FC,Wolverhampton Wanderers FC,2.0,1.0,FINISHED
2023,2023-12-02T15:00:00Z,Brentford FC,Luton Town FC,3.0,1.0,FINISHED
2023,2023-12-02T15:00:00Z,Burnley FC,Sheffield United FC,5.0,0.0,FINISHED
2023,2023-12-02T17:30:00Z,Nottingham Forest FC,Everton FC,0.0,1.0,FINISHED
2023,2023-12-02T20:00:00Z,Newcastle United FC,Manchester United FC,1.0,0.0,FINISHED
2023,2023-12-03T14:00:00Z,AFC Bournemouth,Aston Villa FC,2.0,2.0,FINISHED
2023,2023-12-03T14:00:00Z,Chelsea FC,Brighton & Hove Albion FC,3.0,2.0,FINISHED
2023,2023-12-03T14:00:00Z,Liverpool FC,Fulham FC,4.0,3.0,FINISHED
2023,2023-12-03T14:00:00Z,West Ham United FC,Crystal Palace FC,1.0,1.0,FINISHED
2023,2023-12-03T16:30:00Z,Manchester City FC,Tottenham Hotspur FC,3.0,3.0,FINISHED
2023,2023-12-05T19:30:00Z,Wolverhampton Wanderers FC,Burnley FC,1.0,0.0,FINISHED
2023,2023-12-05T20:15:00Z,Luton Town FC,Arsenal FC,3.0,4.0,FINISHED
2023,2023-12-06T19:30:00Z,Brighton & Hove Albion FC,Brentford FC,2.0,1.0,FINISHED
2023,2023-12-06T19:30:00Z,Fulham FC,Nottingham Forest FC,5.0,0.0,FINISHED
2023,2023-12-06T19:30:00Z,Sheffield United FC,Liverpool FC,0.0,2.0,FINISHED
2023,2023-12-06T19:30:00Z,Crystal Palace FC,AFC Bournemouth,0.0,2.0,FINISHED
2023,2023-12-06T20:15:00Z,Aston Villa FC,Manchester City FC,1.0,0.0,FINISHED
2023,2023-12-06T20:15:00Z,Manchester United FC,Chelsea FC,2.0,1.0,FINISHED
2023,2023-12-07T19:30:00Z,Everton FC,Newcastle United FC,3.0,0.0,FINISHED
2023,2023-12-07T20:15:00Z,Tottenham Hotspur FC,West Ham United FC,1.0,2.0,FINISHED
2023,2023-12-09T12:30:00Z,Crystal Palace FC,Liverpool FC,1.0,2.0,FINISHED
2023,2023-12-09T15:00:00Z,Brighton & Hove Albion FC,Burnley FC,1.0,1.0,FINISHED
2023,2023-12-09T15:00:00Z,Manchester United FC,AFC Bournemouth,0.0,3.0,FINISHED
2023,2023-12-09T15:00:00Z,Sheffield United FC,Brentford FC,1.0,0.0,FINISHED
2023,2023-12-09T15:00:00Z,Wolverhampton Wanderers FC,Nottingham Forest FC,1.0,1.0,FINISHED
2023,2023-12-09T17:30:00Z,Aston Villa FC,Arsenal FC,1.0,0.0,FINISHED
2023,2023-12-10T14:00:00Z,Everton FC,Chelsea FC,2.0,0.0,FINISHED
2023,2023-12-10T14:00:00Z,Fulham FC,West Ham United FC,5.0,0.0,FINISHED
2023,2023-12-10T14:00:00Z,Luton Town FC,Manchester City FC,1.0,2.0,FINISHED
2023,2023-12-10T16:30:00Z,Tottenham Hotspur FC,Newcastle United FC,4.0,1.0,FINISHED
2023,2023-12-15T20:00:00Z,Nottingham Forest FC,Tottenham Hotspur FC,0.0,2.0,FINISHED
2023,2023-12-16T15:00:00Z,Chelsea FC,Sheffield United FC,2.0,0.0,FINISHED
2023,2023-12-16T15:00:00Z,Manchester City FC,Crystal Palace FC,2.0,2.0,FINISHED
2023,2023-12-16T15:00:00Z,Newcastle United FC,Fulham FC,3.0,0.0,FINISHED
2023,2023-12-16T17:30:00Z,Burnley FC,Everton FC,0.0,2.0,FINISHED
2023,2023-12-17T14:00:00Z,Arsenal FC,Brighton & Hove Albion FC,2.0,0.0,FINISHED
2023,2023-12-17T14:00:00Z,Brentford FC,Aston Villa FC,1.0,2.0,FINISHED
2023,2023-12-17T14:00:00Z,West Ham United FC,Wolverhampton Wanderers FC,3.0,0.0,FINISHED
2023,2023-12-17T16:30:00Z,Liverpool FC,Manchester United FC,0.0,0.0,FINISHED
2023,2023-12-21T20:00:00Z,Crystal Palace FC,Brighton & Hove Albion FC,1.0,1.0,FINISHED
2023,2023-12-22T20:00:00Z,Aston Villa FC,Sheffield United FC,1.0,1.0,FINISHED
2023,2023-12-23T12:30:00Z,West Ham United FC,Manchester United FC,2.0,0.0,FINISHED
2023,2023-12-23T15:00:00Z,Fulham FC,Burnley FC,0.0,2.0,FINISHED
2023,2023-12-23T15:00:00Z,Luton Town FC,Newcastle United FC,1.0,0.0,FINISHED
2023,2023-12-23T15:00:00Z,Nottingham Forest FC,AFC Bournemouth,2.0,3.0,FINISHED
2023,2023-12-23T15:00:00Z,Tottenham Hotspur FC,Everton FC,2.0,1.0,FINISHED
2023,2023-12-23T17:30:00Z,Liverpool FC,Arsenal FC,1.0,1.0,FINISHED
2023,2023-12-24T13:00:00Z,Wolverhampton Wanderers FC,Chelsea FC,2.0,1.0,FINISHED
2023,2023-12-26T12:30:00Z,Newcastle United FC,Nottingham Forest FC,1.0,3.0,FINISHED
2023,2023-12-26T15:00:00Z,AFC Bournemouth,Fulham FC,3.0,0.0,FINISHED
2023,2023-12-26T15:00:00Z,Sheffield United FC,Luton Town FC,2.0,3.0,FINISHED
2023,2023-12-26T17:30:00Z,Burnley FC,Liverpool FC,0.0,2.0,FINISHED
2023,2023-12-26T20:00:00Z,Manchester United FC,Aston Villa FC,3.0,2.0,FINISHED
2023,2023-12-27T19:30:00Z,Brentford FC,Wolverhampton Wanderers FC,1.0,4.0,FINISHED
2023,2023-12-27T19:30:00Z,Chelsea FC,Crystal Palace FC,2.0,1.0,FINISHED
2023,2023-12-27T20:15:00Z,Everton FC,Manchester City FC,1.0,3.0,FINISHED
2023,2023-12-28T19:30:00Z,Brighton & Hove Albion FC,Tottenham Hotspur FC,4.0,2.0,FINISHED
2023,2023-12-28T20:15:00Z,Arsenal FC,West Ham United FC,0.0,2.0,FINISHED
2023,2023-12-30T12:30:00Z,Luton Town FC,Chelsea FC,2.0,3.0,FINISHED
2023,2023-12-30T15:00:00Z,Aston Villa FC,Burnley FC,3.0,2.0,FINISHED
2023,2023-12-30T15:00:00Z,Crystal Palace FC,Brentford FC,3.0,1.0,FINISHED
2023,2023-12-30T15:00:00Z,Manchester City FC,Sheffield United FC,2.0,0.0,FINISHED
2023,2023-12-30T15:00:00Z,Wolverhampton Wanderers FC,Everton FC,3.0,0.0,FINISHED
2023,2023-12-30T17:30:00Z,Nottingham Forest FC,Manchester United FC,2.0,1.0,FINISHED
2023,2023-12-31T14:00:00Z,Fulham FC,Arsenal FC,2.0,1.0,FINISHED
2023,2023-12-31T14:00:00Z,Tottenham Hotspur FC,AFC Bournemouth,3.0,1.0,FINISHED
2023,2024-01-01T20:00:00Z,Liverpool FC,Newcastle United FC,4.0,2.0,FINISHED
2023,2024-01-02T19:30:00Z,West Ham United FC,Brighton & Hove Albion FC,0.0,0.0,FINISHED
2023,2024-01-12T19:45:00Z,Burnley FC,Luton Town FC,1.0,1.0,FINISHED
2023,2024-01-13T12:30:00Z,Chelsea FC,Fulham FC,1.0,0.0,FINISHED
2023,2024-01-13T17:30:00Z,Newcastle United FC,Manchester City FC,2.0,3.0,FINISHED
2023,2024-01-14T14:00:00Z,Everton FC,Aston Villa FC,0.0,0.0,FINISHED
2023,2024-01-14T16:30:00Z,Manchester United FC,Tottenham Hotspur FC,2.0,2.0,FINISHED
2023,2024-01-20T12:30:00Z,Arsenal FC,Crystal Palace FC,5.0,0.0,FINISHED
2023,2024-01-20T17:30:00Z,Brentford FC,Nottingham Forest FC,3.0,2.0,FINISHED
2023,2024-01-21T14:00:00Z,Sheffield United FC,West Ham United FC,2.0,2.0,FINISHED
2023,2024-01-21T16:30:00Z,AFC Bournemouth,Liverpool FC,0.0,4.0,FINISHED
2023,2024-01-22T19:45:00Z,Brighton & Hove Albion FC,Wolverhampton Wanderers FC,0.0,0.0,FINISHED
2023,2024-01-30T19:30:00Z,Nottingham Forest FC,Arsenal FC,1.0,2.0,FINISHED
2023,2024-01-30T19:45:00Z,Luton Town FC,Brighton & Hove Albion FC,4.0,0.0,FINISHED
2023,2024-01-30T19:45:00Z,Fulham FC,Everton FC,0.0,0.0,FINISHED
2023,2024-01-30T20:00:00Z,Crystal Palace FC,Sheffield United FC,3.0,2.0,FINISHED
2023,2024-01-30T20:15:00Z,Aston Villa FC,Newcastle United FC,1.0,3.0,FINISHED
2023,2024-01-31T19:30:00Z,Tottenham Hotspur FC,Brentford FC,3.0,2.0,FINISHED
2023,2024-01-31T19:30:00Z,Manchester City FC,Burnley FC,3.0,1.0,FINISHED
2023,2024-01-31T20:15:00Z,Liverpool FC,Chelsea FC,4.0,1.0,FINISHED
2023,2024-02-01T19:30:00Z,West Ham United FC,AFC Bournemouth,1.0,1.0,FINISHED
2023,2024-02-01T20:15:00Z,Wolverhampton Wanderers FC,Manchester United FC,3.0,4.0,FINISHED
2023,2024-02-03T12:30:00Z,Everton FC,Tottenham Hotspur FC,2.0,2.0,FINISHED
2023,2024-02-03T15:00:00Z,Brighton & Hove Albion FC,Crystal Palace FC,4.0,1.0,FINISHED
2023,2024-02-03T15:00:00Z,Burnley FC,Fulham FC,2.0,2.0,FINISHED
2023,2024-02-03T15:00:00Z,Newcastle United FC,Luton Town FC,4.0,4.0,FINISHED
2023,2024-02-03T17:30:00Z,Sheffield United FC,Aston Villa FC,0.0,5.0,FINISHED
2023,2024-02-04T14:00:00Z,AFC Bournemouth,Nottingham Forest FC,1.0,1.0,FINISHED
2023,2024-02-04T14:00:00Z,Chelsea FC,Wolverhampton Wanderers FC,2.0,4.0,FINISHED
2023,2024-02-04T14:00:00Z,Manchester United FC,West Ham United FC,3.0,0.0,FINISHED
2023,2024-02-04T16:30:00Z,Arsenal FC,Liverpool FC,3.0,1.0,FINISHED
2023,2024-02-05T20:00:00Z,Brentford FC,Manchester City FC,1.0,3.0,FINISHED
2023,2024-02-10T12:30:00Z,Manchester City FC,Everton FC,2.0,0.0,FINISHED
2023,2024-02-10T15:00:00Z,Fulham FC,AFC Bournemouth,3.0,1.0,FINISHED
2023,2024-02-10T15:00:00Z,Liverpool FC,Burnley FC,3.0,1.0,FINISHED
2023,2024-02-10T15:00:00Z,Luton Town FC,Sheffield United FC,1.0,3.0,FINISHED
2023,2024-02-10T15:00:00Z,Tottenham Hotspur FC,Brighton & Hove Albion FC,2.0,1.0,FINISHED
2023,2024-02-10T15:00:00Z,Wolverhampton Wanderers FC,Brentford FC,0.0,2.0,FINISHED
2023,2024-02-10T17:30:00Z,Nottingham Forest FC,Newcastle United FC,2.0,3.0,FINISHED
2023,2024-02-11T14:00:00Z,West Ham United FC,Arsenal FC,0.0,6.0,FINISHED
2023,2024-02-11T16:30:00Z,Aston Villa FC,Manchester United FC,1.0,2.0,FINISHED
2023,2024-02-12T20:00:00Z,Crystal Palace FC,Chelsea FC,1.0,3.0,FINISHED
2023,2024-02-17T12:30:00Z,Brentford FC,Liverpool FC,1.0,4.0,FINISHED
2023,2024-02-17T15:00:00Z,Burnley FC,Arsenal FC,0.0,5.0,FINISHED
2023,2024-02-17T15:00:00Z,Fulham FC,Aston Villa FC,1.0,2.0,FINISHED
2023,2024-02-17T15:00:00Z,Newcastle United FC,AFC Bournemouth,2.0,2.0,FINISHED
2023,2024-02-17T15:00:00Z,Nottingham Forest FC,West Ham United FC,2.0,0.0,FINISHED
2023,2024-02-17T15:00:00Z,Tottenham Hotspur FC,Wolverhampton Wanderers FC,1.0,2.0,FINISHED
2023,2024-02-17T17:30:00Z,Manchester City FC,Chelsea FC,1.0,1.0,FINISHED
2023,2024-02-18T14:00:00Z,Sheffield United FC,Brighton & Hove Albion FC,0.0,5.0,FINISHED
2023,2024-02-18T16:30:00Z,Luton Town FC,Manchester United FC,1.0,2.0,FINISHED
2023,2024-02-19T20:00:00Z,Everton FC,Crystal Palace FC,1.0,1.0,FINISHED
2023,2024-02-20T19:30:00Z,Manchester City FC,Brentford FC,1.0,0.0,FINISHED
2023,2024-02-21T19:30:00Z,Liverpool FC,Luton Town FC,4.0,1.0,FINISHED
2023,2024-02-24T15:00:00Z,Aston Villa FC,Nottingham Forest FC,4.0,2.0,FINISHED
2023,2024-02-24T15:00:00Z,Brighton & Hove Albion FC,Everton FC,1.0,1.0,FINISHED
2023,2024-02-24T15:00:00Z,Crystal Palace FC,Burnley FC,3.0,0.0,FINISHED
2023,2024-02-24T15:00:00Z,Manchester United FC,Fulham FC,1.0,2.0,FINISHED
2023,2024-02-24T17:30:00Z,AFC Bournemouth,Manchester City FC,0.0,1.0,FINISHED
2023,2024-02-24T20:00:00Z,Arsenal FC,Newcastle United FC,4.0,1.0,FINISHED
2023,2024-02-25T13:30:00Z,Wolverhampton Wanderers FC,Sheffield United FC,1.0,0.0,FINISHED
2023,2024-02-26T20:00:00Z,West Ham United FC,Brentford FC,4.0,2.0,FINISHED
2023,2024-03-02T15:00:00Z,Brentford FC,Chelsea FC,2.0,2.0,FINISHED
2023,2024-03-02T15:00:00Z,Everton FC,West Ham United FC,1.0,3.0,FINISHED
2023,2024-03-02T15:00:00Z,Fulham FC,Brighton & Hove Albion FC,3.0,0.0,FINISHED
2023,2024-03-02T15:00:00Z,Newcastle United FC,Wolverhampton Wanderers FC,3.0,0.0,FINISHED
2023,2024-03-02T15:00:00Z,Nottingham Forest FC,Liverpool FC,0.0,1.0,FINISHED
2023,2024-03-02T15:00:00Z,Tottenham Hotspur FC,Crystal Palace FC,3.0,1.0,FINISHED
2023,2024-03-02T17:30:00Z,Luton Town FC,Aston Villa FC,2.0,3.0,FINISHED
2023,2024-03-03T13:00:00Z,Burnley FC,AFC Bournemouth,0.0,2.0,FINISHED
2023,2024-03-03T15:30:00Z,Manchester City FC,Manchester United FC,3.0,1.0,FINISHED
2023,2024-03-04T20:00:00Z,Sheffield United FC,Arsenal FC,0.0,6.0,FINISHED
2023,2024-03-09T12:30:00Z,Manchester United FC,Everton FC,2.0,0.0,FINISHED
2023,2024-03-09T15:00:00Z,AFC Bournemouth,Sheffield United FC,2.0,2.0,FINISHED
2023,2024-03-09T15:00:00Z,Crystal Palace FC,Luton Town FC,1.0,1.0,FINISHED
2023,2024-03-09T15:00:00Z,Wolverhampton Wanderers FC,Fulham FC,2.0,1.0,FINISHED
2023,2024-03-09T17:30:00Z,Arsenal FC,Brentford FC,2.0,1.0,FINISHED
2023,2024-03-10T13:00:00Z,Aston Villa FC,Tottenham Hotspur FC,0.0,4.0,FINISHED
2023,2024-03-10T14:00:00Z,Brighton & Hove Albion FC,Nottingham Forest FC,1.0,0.0,FINISHED
2023,2024-03-10T14:00:00Z,West Ham United FC,Burnley FC,2.0,2.0,FINISHED
2023,2024-03-10T15:45:00Z,Liverpool FC,Manchester City FC,1.0,1.0,FINISHED
2023,2024-03-11T20:00:00Z,Chelsea FC,Newcastle United FC,3.0,2.0,FINISHED
2023,2024-03-13T19:30:00Z,AFC Bournemouth,Luton Town FC,4.0,3.0,FINISHED
2023,2024-03-16T15:00:00Z,Burnley FC,Brentford FC,2.0,1.0,FINISHED
2023,2024-03-16T15:00:00Z,Luton Town FC,Nottingham Forest FC,1.0,1.0,FINISHED
2023,2024-03-16T17:30:00Z,Fulham FC,Tottenham Hotspur FC,3.0,0.0,FINISHED
2023,2024-03-17T14:00:00Z,West Ham United FC,Aston Villa FC,1.0,1.0,FINISHED
2023,2024-03-30T12:30:00Z,Newcastle United FC,West Ham United FC,4.0,3.0,FINISHED
2023,2024-03-30T15:00:00Z,AFC Bournemouth,Everton FC,2.0,1.0,FINISHED
2023,2024-03-30T15:00:00Z,Chelsea FC,Burnley FC,2.0,2.0,FINISHED
2023,2024-03-30T15:00:00Z,Nottingham Forest FC,Crystal Palace FC,1.0,1.0,FINISHED
2023,2024-03-30T15:00:00Z,Sheffield United FC,Fulham FC,3.0,3.0,FINISHED
2023,2024-03-30T15:00:00Z,Tottenham Hotspur FC,Luton Town FC,2.0,1.0,FINISHED
2023,2024-03-30T17:30:00Z,Aston Villa FC,Wolverhampton Wanderers FC,2.0,0.0,FINISHED
2023,2024-03-30T20:00:00Z,Brentford FC,Manchester United FC,1.0,1.0,FINISHED
2023,2024-03-31T13:00:00Z,Liverpool FC,Brighton & Hove Albion FC,2.0,1.0,FINISHED
2023,2024-03-31T15:30:00Z,Manchester City FC,Arsenal FC,0.0,0.0,FINISHED
2023,2024-04-02T18:30:00Z,Nottingham Forest FC,Fulham FC,3.0,1.0,FINISHED
2023,2024-04-02T18:30:00Z,Newcastle United FC,Everton FC,1.0,1.0,FINISHED
2023,2024-04-02T18:45:00Z,AFC Bournemouth,Crystal Palace FC,1.0,0.0,FINISHED
2023,2024-04-02T18:45:00Z,Burnley FC,Wolverhampton Wanderers FC,1.0,1.0,FINISHED
2023,2024-04-02T19:15:00Z,West Ham United FC,Tottenham Hotspur FC,1.0,1.0,FINISHED
2023,2024-04-03T18:30:00Z,Arsenal FC,Luton Town FC,2.0,0.0,FINISHED
2023,2024-04-03T18:30:00Z,Brentford FC,Brighton & Hove Albion FC,0.0,0.0,FINISHED
2023,2024-04-03T19:15:00Z,Manchester City FC,Aston Villa FC,4.0,1.0,FINISHED
2023,2024-04-04T18:30:00Z,Liverpool FC,Sheffield United FC,3.0,1.0,FINISHED
2023,2024-04-04T19:15:00Z,Chelsea FC,Manchester United FC,4.0,3.0,FINISHED
2023,2024-04-06T11:30:00Z,Crystal Palace FC,Manchester City FC,2.0,4.0,FINISHED
2023,2024-04-06T14:00:00Z,Aston Villa FC,Brentford FC,3.0,3.0,FINISHED
2023,2024-04-06T14:00:00Z,Everton FC,Burnley FC,1.0,0.0,FINISHED
2023,2024-04-06T14:00:00Z,Fulham FC,Newcastle United FC,0.0,1.0,FINISHED
2023,2024-04-06T14:00:00Z,Luton Town FC,AFC Bournemouth,2.0,1.0,FINISHED
2023,2024-04-06T14:00:00Z,Wolverhampton Wanderers FC,West Ham United FC,1.0,2.0,FINISHED
2023,2024-04-06T16:30:00Z,Brighton & Hove Albion FC,Arsenal FC,0.0,3.0,FINISHED
2023,2024-04-07T14:30:00Z,Manchester United FC,Liverpool FC,2.0,2.0,FINISHED
2023,2024-04-07T16:30:00Z,Sheffield United FC,Chelsea FC,2.0,2.0,FINISHED
2023,2024-04-07T17:00:00Z,Tottenham Hotspur FC,Nottingham Forest FC,3.0,1.0,FINISHED
2023,2024-04-13T11:30:00Z,Newcastle United FC,Tottenham Hotspur FC,4.0,0.0,FINISHED
2023,2024-04-13T14:00:00Z,Brentford FC,Sheffield United FC,2.0,0.0,FINISHED
2023,2024-04-13T14:00:00Z,Burnley FC,Brighton & Hove Albion FC,1.0,1.0,FINISHED
2023,2024-04-13T14:00:00Z,Manchester City FC,Luton Town FC,5.0,1.0,FINISHED
2023,2024-04-13T14:00:00Z,Nottingham Forest FC,Wolverhampton Wanderers FC,2.0,2.0,FINISHED
2023,2024-04-13T16:30:00Z,AFC Bournemouth,Manchester United FC,2.0,2.0,FINISHED
2023,2024-04-14T13:00:00Z,Liverpool FC,Crystal Palace FC,0.0,1.0,FINISHED
2023,2024-04-14T13:00:00Z,West Ham United FC,Fulham FC,0.0,2.0,FINISHED
2023,2024-04-14T15:30:00Z,Arsenal FC,Aston Villa FC,0.0,2.0,FINISHED
2023,2024-04-15T19:00:00Z,Chelsea FC,Everton FC,6.0,0.0,FINISHED
2023,2024-04-20T14:00:00Z,Luton Town FC,Brentford FC,1.0,5.0,FINISHED
2023,2024-04-20T14:00:00Z,Sheffield United FC,Burnley FC,1.0,4.0,FINISHED
2023,2024-04-20T18:30:00Z,Wolverhampton Wanderers FC,Arsenal FC,0.0,2.0,FINISHED
2023,2024-04-21T12:30:00Z,Everton FC,Nottingham Forest FC,2.0,0.0,FINISHED
2023,2024-04-21T14:00:00Z,Aston Villa FC,AFC Bournemouth,3.0,1.0,FINISHED
2023,2024-04-21T14:00:00Z,Crystal Palace FC,West Ham United FC,5.0,2.0,FINISHED
2023,2024-04-21T15:30:00Z,Fulham FC,Liverpool FC,1.0,3.0,FINISHED
2023,2024-04-23T19:00:00Z,Arsenal FC,Chelsea FC,5.0,0.0,FINISHED
2023,2024-04-24T18:45:00Z,Wolverhampton Wanderers FC,AFC Bournemouth,0.0,1.0,FINISHED
2023,2024-04-24T19:00:00Z,Crystal Palace FC,Newcastle United FC,2.0,0.0,FINISHED
2023,2024-04-24T19:00:00Z,Everton FC,Liverpool FC,2.0,0.0,FINISHED
2023,2024-04-24T19:00:00Z,Manchester United FC,Sheffield United FC,4.0,2.0,FINISHED
2023,2024-04-25T19:00:00Z,Brighton & Hove Albion FC,Manchester City FC,0.0,4.0,FINISHED
2023,2024-04-27T11:30:00Z,West Ham United FC,Liverpool FC,2.0,2.0,FINISHED
2023,2024-04-27T14:00:00Z,Fulham FC,Crystal Palace FC,1.0,1.0,FINISHED
2023,2024-04-27T14:00:00Z,Manchester United FC,Burnley FC,1.0,1.0,FINISHED
2023,2024-04-27T14:00:00Z,Newcastle United FC,Sheffield United FC,5.0,1.0,FINISHED
2023,2024-04-27T14:00:00Z,Wolverhampton Wanderers FC,Luton Town FC,2.0,1.0,FINISHED
2023,2024-04-27T16:30:00Z,Everton FC,Brentford FC,1.0,0.0,FINISHED
2023,2024-04-27T19:00:00Z,Aston Villa FC,Chelsea FC,2.0,2.0,FINISHED
2023,2024-04-28T13:00:00Z,AFC Bournemouth,Brighton & Hove Albion FC,3.0,0.0,FINISHED
2023,2024-04-28T13:00:00Z,Tottenham Hotspur FC,Arsenal FC,2.0,3.0,FINISHED
2023,2024-04-28T15:30:00Z,Nottingham Forest FC,Manchester City FC,0.0,2.0,FINISHED
2023,2024-05-02T18:30:00Z,Chelsea FC,Tottenham Hotspur FC,2.0,0.0,FINISHED
2023,2024-05-03T19:00:00Z,Luton Town FC,Everton FC,1.0,1.0,FINISHED
2023,2024-05-04T11:30:00Z,Arsenal FC,AFC Bournemouth,3.0,0.0,FINISHED
2023,2024-05-04T14:00:00Z,Brentford FC,Fulham FC,0.0,0.0,FINISHED
2023,2024-05-04T14:00:00Z,Burnley FC,Newcastle United FC,1.0,4.0,FINISHED
2023,2024-05-04T14:00:00Z,Sheffield United FC,Nottingham Forest FC,1.0,3.0,FINISHED
2023,2024-05-04T16:30:00Z,Manchester City FC,Wolverhampton Wanderers FC,5.0,1.0,FINISHED
2023,2024-05-05T13:00:00Z,Brighton & Hove Albion FC,Aston Villa FC,1.0,0.0,FINISHED
2023,2024-05-05T13:00:00Z,Chelsea FC,West Ham United FC,5.0,0.0,FINISHED
2023,2024-05-05T15:30:00Z,Liverpool FC,Tottenham Hotspur FC,4.0,2.0,FINISHED
2023,2024-05-06T19:00:00Z,Crystal Palace FC,Manchester United FC,4.0,0.0,FINISHED
2023,2024-05-11T11:30:00Z,Fulham FC,Manchester City FC,0.0,4.0,FINISHED
2023,2024-05-11T14:00:00Z,AFC Bournemouth,Brentford FC,1.0,2.0,FINISHED
2023,2024-05-11T14:00:00Z,Everton FC,Sheffield United FC,1.0,0.0,FINISHED
2023,2024-05-11T14:00:00Z,Newcastle United FC,Brighton & Hove Albion FC,1.0,1.0,FINISHED
2023,2024-05-11T14:00:00Z,Tottenham Hotspur FC,Burnley FC,2.0,1.0,FINISHED
2023,2024-05-11T14:00:00Z,West Ham United FC,Luton Town FC,3.0,1.0,FINISHED
2023,2024-05-11T14:00:00Z,Wolverhampton Wanderers FC,Crystal Palace FC,1.0,3.0,FINISHED
2023,2024-05-11T16:30:00Z,Nottingham Forest FC,Chelsea FC,2.0,3.0,FINISHED
2023,2024-05-12T15:30:00Z,Manchester United FC,Arsenal FC,0.0,1.0,FINISHED
2023,2024-05-13T19:00:00Z,Aston Villa FC,Liverpool FC,3.0,3.0,FINISHED
2023,2024-05-14T19:00:00Z,Tottenham Hotspur FC,Manchester City FC,0.0,2.0,FINISHED
2023,2024-05-15T18:45:00Z,Brighton & Hove Albion FC,Chelsea FC,1.0,2.0,FINISHED
2023,2024-05-15T19:00:00Z,Manchester United FC,Newcastle United FC,3.0,2.0,FINISHED
2023,2024-05-19T15:00:00Z,Arsenal FC,Everton FC,2.0,1.0,FINISHED
2023,2024-05-19T15:00:00Z,Brentford FC,Newcastle United FC,2.0,4.0,FINISHED
2023,2024-05-19T15:00:00Z,Brighton & Hove Albion FC,Manchester United FC,0.0,2.0,FINISHED
2023,2024-05-19T15:00:00Z,Burnley FC,Nottingham Forest FC,1.0,2.0,FINISHED
2023,2024-05-19T15:00:00Z,Chelsea FC,AFC Bournemouth,2.0,1.0,FINISHED
2023,2024-05-19T15:00:00Z,Crystal Palace FC,Aston Villa FC,5.0,0.0,FINISHED
2023,2024-05-19T15:00:00Z,Liverpool FC,Wolverhampton Wanderers FC,2.0,0.0,FINISHED
2023,2024-05-19T15:00:00Z,Luton Town FC,Fulham FC,2.0,4.0,FINISHED
2023,2024-05-19T15:00:00Z,Manchester City FC,West Ham United FC,3.0,1.0,FINISHED
2023,2024-05-19T15:00:00Z,Sheffield United FC,Tottenham Hotspur FC,0.0,3.0,FINISHED
2024,2024-08-16T19:00:00Z,Manchester United FC,Fulham FC,1.0,0.0,FINISHED
2024,2024-08-17T11:30:00Z,Ipswich Town FC,Liverpool FC,0.0,2.0,FINISHED
2024,2024-08-17T14:00:00Z,Arsenal FC,Wolverhampton Wanderers FC,2.0,0.0,FINISHED
2024,2024-08-17T14:00:00Z,Everton FC,Brighton & Hove Albion FC,0.0,3.0,FINISHED
2024,2024-08-17T14:00:00Z,Newcastle United FC,Southampton FC,1.0,0.0,FINISHED
2024,2024-08-17T14:00:00Z,Nottingham Forest FC,AFC Bournemouth,1.0,1.0,FINISHED
2024,2024-08-17T16:30:00Z,West Ham United FC,Aston Villa FC,1.0,2.0,FINISHED
2024,2024-08-18T13:00:00Z,Brentford FC,Crystal Palace FC,2.0,1.0,FINISHED
2024,2024-08-18T15:30:00Z,Chelsea FC,Manchester City FC,0.0,2.0,FINISHED
2024,2024-08-19T19:00:00Z,Leicester City FC,Tottenham Hotspur FC,1.0,1.0,FINISHED
2024,2024-08-24T11:30:00Z,Brighton & Hove Albion FC,Manchester United FC,2.0,1.0,FINISHED
2024,2024-08-24T14:00:00Z,Crystal Palace FC,West Ham United FC,0.0,2.0,FINISHED
2024,2024-08-24T14:00:00Z,Fulham FC,Leicester City FC,2.0,1.0,FINISHED
2024,2024-08-24T14:00:00Z,Manchester City FC,Ipswich Town FC,4.0,1.0,FINISHED
2024,2024-08-24T14:00:00Z,Southampton FC,Nottingham Forest FC,0.0,1.0,FINISHED
2024,2024-08-24T14:00:00Z,Tottenham Hotspur FC,Everton FC,4.0,0.0,FINISHED
2024,2024-08-24T16:30:00Z,Aston Villa FC,Arsenal FC,0.0,2.0,FINISHED
2024,2024-08-25T13:00:00Z,AFC Bournemouth,Newcastle United FC,1.0,1.0,FINISHED
2024,2024-08-25T13:00:00Z,Wolverhampton Wanderers FC,Chelsea FC,2.0,6.0,FINISHED
2024,2024-08-25T15:30:00Z,Liverpool FC,Brentford FC,2.0,0.0,FINISHED
2024,2024-08-31T11:30:00Z,Arsenal FC,Brighton & Hove Albion FC,1.0,1.0,FINISHED
2024,2024-08-31T14:00:00Z,Brentford FC,Southampton FC,3.0,1.0,FINISHED
2024,2024-08-31T14:00:00Z,Everton FC,AFC Bournemouth,2.0,3.0,FINISHED
2024,2024-08-31T14:00:00Z,Ipswich Town FC,Fulham FC,1.0,1.0,FINISHED
2024,2024-08-31T14:00:00Z,Leicester City FC,Aston Villa FC,1.0,2.0,FINISHED
2024,2024-08-31T14:00:00Z,Nottingham Forest FC,Wolverhampton Wanderers FC,1.0,1.0,FINISHED
2024,2024-08-31T16:30:00Z,West Ham United FC,Manchester City FC,1.0,3.0,FINISHED
2024,2024-09-01T12:30:00Z,Chelsea FC,Crystal Palace FC,1.0,1.0,FINISHED
2024,2024-09-01T12:30:00Z,Newcastle United FC,Tottenham Hotspur FC,2.0,1.0,FINISHED
2024,2024-09-01T15:00:00Z,Manchester United FC,Liverpool FC,0.0,3.0,FINISHED
2024,2024-09-14T11:30:00Z,Southampton FC,Manchester United FC,0.0,3.0,FINISHED
2024,2024-09-14T14:00:00Z,Brighton & Hove Albion FC,Ipswich Town FC,0.0,0.0,FINISHED
2024,2024-09-14T14:00:00Z,Crystal Palace FC,Leicester City FC,2.0,2.0,FINISHED
2024,2024-09-14T14:00:00Z,Fulham FC,West Ham United FC,1.0,1.0,FINISHED
2024,2024-09-14T14:00:00Z,Liverpool FC,Nottingham Forest FC,0.0,1.0,FINISHED
2024,2024-09-14T14:00:00Z,Manchester City FC,Brentford FC,2.0,1.0,FINISHED
2024,2024-09-14T16:30:00Z,Aston Villa FC,Everton FC,3.0,2.0,FINISHED
2024,2024-09-14T19:00:00Z,AFC Bournemouth,Chelsea FC,0.0,1.0,FINISHED
2024,2024-09-15T13:00:00Z,Tottenham Hotspur FC,Arsenal FC,0.0,1.0,FINISHED
2024,2024-09-15T15:30:00Z,Wolverhampton Wanderers FC,Newcastle United FC,1.0,2.0,FINISHED
2024,2024-09-21T11:30:00Z,West Ham United FC,Chelsea FC,0.0,3.0,FINISHED
2024,2024-09-21T14:00:00Z,Aston Villa FC,Wolverhampton Wanderers FC,3.0,1.0,FINISHED
2024,2024-09-21T14:00:00Z,Fulham FC,Newcastle United FC,3.0,1.0,FINISHED
2024,2024-09-21T14:00:00Z,Leicester City FC,Everton FC,1.0,1.0,FINISHED
2024,2024-09-21T14:00:00Z,Liverpool FC,AFC Bournemouth,3.0,0.0,FINISHED
2024,2024-09-21T14:00:00Z,Southampton FC,Ipswich Town FC,1.0,1.0,FINISHED
2024,2024-09-21T14:00:00Z,Tottenham Hotspur FC,Brentford FC,3.0,1.0,FINISHED
2024,2024-09-21T16:30:00Z,Crystal Palace FC,Manchester United FC,0.0,0.0,FINISHED
2024,2024-09-22T13:00:00Z,Brighton & Hove Albion FC,Nottingham Forest FC,2.0,2.0,FINISHED
2024,2024-09-22T15:30:00Z,Manchester City FC,Arsenal FC,2.0,2.0,FINISHED
2024,2024-09-28T11:30:00Z,Newcastle United FC,Manchester City FC,1.0,1.0,FINISHED
2024,2024-09-28T14:00:00Z,Arsenal FC,Leicester City FC,4.0,2.0,FINISHED
2024,2024-09-28T14:00:00Z,Brentford FC,West Ham United FC,1.0,1.0,FINISHED
2024,2024-09-28T14:00:00Z,Chelsea FC,Brighton & Hove Albion FC,4.0,2.0,FINISHED
2024,2024-09-28T14:00:00Z,Everton FC,Crystal Palace FC,2.0,1.0,FINISHED
2024,2024-09-28T14:00:00Z,Nottingham Forest FC,Fulham FC,0.0,1.0,FINISHED
2024,2024-09-28T16:30:00Z,Wolverhampton Wanderers FC,Liverpool FC,1.0,2.0,FINISHED
2024,2024-09-29T13:00:00Z,Ipswich Town FC,Aston Villa FC,2.0,2.0,FINISHED
2024,2024-09-29T15:30:00Z,Manchester United FC,Tottenham Hotspur FC,0.0,3.0,FINISHED
2024,2024-09-30T19:00:00Z,AFC Bournemouth,Southampton FC,3.0,1.0,FINISHED
2024,2024-10-05T11:30:00Z,Crystal Palace FC,Liverpool FC,0.0,1.0,FINISHED
2024,2024-10-05T14:00:00Z,Arsenal FC,Southampton FC,3.0,1.0,FINISHED
2024,2024-10-05T14:00:00Z,Brentford FC,Wolverhampton Wanderers FC,5.0,3.0,FINISHED
2024,2024-10-05T14:00:00Z,Leicester City FC,AFC Bournemouth,1.0,0.0,FINISHED
2024,2024-10-05T14:00:00Z,Manchester City FC,Fulham FC,3.0,2.0,FINISHED
2024,2024-10-05T14:00:00Z,West Ham United FC,Ipswich Town FC,4.0,1.0,FINISHED
2024,2024-10-05T16:30:00Z,Everton FC,Newcastle United FC,0.0,0.0,FINISHED
2024,2024-10-06T13:00:00Z,Aston Villa FC,Manchester United FC,0.0,0.0,FINISHED
2024,2024-10-06T13:00:00Z,Chelsea FC,Nottingham Forest FC,1.0,1.0,FINISHED
2024,2024-10-06T15:30:00Z,Brighton & Hove Albion FC,Tottenham Hotspur FC,3.0,2.0,FINISHED
2024,2024-10-19T11:30:00Z,Tottenham Hotspur FC,West Ham United FC,4.0,1.0,FINISHED
2024,2024-10-19T14:00:00Z,Fulham FC,Aston Villa FC,1.0,3.0,FINISHED
2024,2024-10-19T14:00:00Z,Ipswich Town FC,Everton FC,0.0,2.0,FINISHED
2024,2024-10-19T14:00:00Z,Manchester United FC,Brentford FC,2.0,1.0,FINISHED
2024,2024-10-19T14:00:00Z,Newcastle United FC,Brighton & Hove Albion FC,0.0,1.0,FINISHED
2024,2024-10-19T14:00:00Z,Southampton FC,Leicester City FC,2.0,3.0,FINISHED
2024,2024-10-19T16:30:00Z,AFC Bournemouth,Arsenal FC,2.0,0.0,FINISHED
2024,2024-10-20T13:00:00Z,Wolverhampton Wanderers FC,Manchester City FC,1.0,2.0,FINISHED
2024,2024-10-20T15:30:00Z,Liverpool FC,Chelsea FC,2.0,1.0,FINISHED
2024,2024-10-21T19:00:00Z,Nottingham Forest FC,Crystal Palace FC,1.0,0.0,FINISHED
2024,2024-10-25T19:00:00Z,Leicester City FC,Nottingham Forest FC,1.0,3.0,FINISHED
2024,2024-10-26T14:00:00Z,Aston Villa FC,AFC Bournemouth,1.0,1.0,FINISHED
2024,2024-10-26T14:00:00Z,Brentford FC,Ipswich Town FC,4.0,3.0,FINISHED
2024,2024-10-26T14:00:00Z,Brighton & Hove Albion FC,Wolverhampton Wanderers FC,2.0,2.0,FINISHED
2024,2024-10-26T14:00:00Z,Manchester City FC,Southampton FC,1.0,0.0,FINISHED
2024,2024-10-26T16:30:00Z,Everton FC,Fulham FC,1.0,1.0,FINISHED
2024,2024-10-27T14:00:00Z,Chelsea FC,Newcastle United FC,2.0,1.0,FINISHED
2024,2024-10-27T14:00:00Z,Crystal Palace FC,Tottenham Hotspur FC,1.0,0.0,FINISHED
2024,2024-10-27T14:00:00Z,West Ham United FC,Manchester United FC,2.0,1.0,FINISHED
2024,2024-10-27T16:30:00Z,Arsenal FC,Liverpool FC,2.0,2.0,FINISHED
2024,2024-11-02T12:30:00Z,Newcastle United FC,Arsenal FC,1.0,0.0,FINISHED
2024,2024-11-02T15:00:00Z,AFC Bournemouth,Manchester City FC,2.0,1.0,FINISHED
2024,2024-11-02T15:00:00Z,Ipswich Town FC,Leicester City FC,1.0,1.0,FINISHED
2024,2024-11-02T15:00:00Z,Liverpool FC,Brighton & Hove Albion FC,2.0,1.0,FINISHED
2024,2024-11-02T15:00:00Z,Nottingham Forest FC,West Ham United FC,3.0,0.0,FINISHED
2024,2024-11-02T15:00:00Z,Southampton FC,Everton FC,1.0,0.0,FINISHED
2024,2024-11-02T17:30:00Z,Wolverhampton Wanderers FC,Crystal Palace FC,2.0,2.0,FINISHED
2024,2024-11-03T14:00:00Z,Tottenham Hotspur FC,Aston Villa FC,4.0,1.0,FINISHED
2024,2024-11-03T16:30:00Z,Manchester United FC,Chelsea FC,1.0,1.0,FINISHED
2024,2024-11-04T20:00:00Z,Fulham FC,Brentford FC,2.0,1.0,FINISHED
2024,2024-11-09T15:00:00Z,Brentford FC,AFC Bournemouth,3.0,2.0,FINISHED
2024,2024-11-09T15:00:00Z,Crystal Palace FC,Fulham FC,0.0,2.0,FINISHED
2024,2024-11-09T15:00:00Z,West Ham United FC,Everton FC,0.0,0.0,FINISHED
2024,2024-11-09T15:00:00Z,Wolverhampton Wanderers FC,Southampton FC,2.0,0.0,FINISHED
2024,2024-11-09T17:30:00Z,Brighton & Hove Albion FC,Manchester City FC,2.0,1.0,FINISHED
2024,2024-11-09T20:00:00Z,Liverpool FC,Aston Villa FC,2.0,0.0,FINISHED
2024,2024-11-10T14:00:00Z,Manchester United FC,Leicester City FC,3.0,0.0,FINISHED
2024,2024-11-10T14:00:00Z,Nottingham Forest FC,Newcastle United FC,1.0,3.0,FINISHED
2024,2024-11-10T14:00:00Z,Tottenham Hotspur FC,Ipswich Town FC,1.0,2.0,FINISHED
2024,2024-11-10T16:30:00Z,Chelsea FC,Arsenal FC,1.0,1.0,FINISHED
2024,2024-11-23T12:30:00Z,Leicester City FC,Chelsea FC,1.0,2.0,FINISHED
2024,2024-11-23T15:00:00Z,AFC Bournemouth,Brighton & Hove Albion FC,1.0,2.0,FINISHED
2024,2024-11-23T15:00:00Z,Arsenal FC,Nottingham Forest FC,3.0,0.0,FINISHED
2024,2024-11-23T15:00:00Z,Aston Villa FC,Crystal Palace FC,2.0,2.0,FINISHED
2024,2024-11-23T15:00:00Z,Everton FC,Brentford FC,0.0,0.0,FINISHED
2024,2024-11-23T15:00:00Z,Fulham FC,Wolverhampton Wanderers FC,1.0,4.0,FINISHED
2024,2024-11-23T17:30:00Z,Manchester City FC,Tottenham Hotspur FC,0.0,4.0,FINISHED
2024,2024-11-24T14:00:00Z,Southampton FC,Liverpool FC,2.0,3.0,FINISHED
2024,2024-11-24T16:30:00Z,Ipswich Town FC,Manchester United FC,1.0,1.0,FINISHED
2024,2024-11-25T20:00:00Z,Newcastle United FC,West Ham United FC,0.0,2.0,FINISHED
2024,2024-11-29T20:00:00Z,Brighton & Hove Albion FC,Southampton FC,1.0,1.0,FINISHED
2024,2024-11-30T15:00:00Z,Brentford FC,Leicester City FC,4.0,1.0,FINISHED
2024,2024-11-30T15:00:00Z,Crystal Palace FC,Newcastle United FC,1.0,1.0,FINISHED
2024,2024-11-30T15:00:00Z,Nottingham Forest FC,Ipswich Town FC,1.0,0.0,FINISHED
2024,2024-11-30T15:00:00Z,Wolverhampton Wanderers FC,AFC Bournemouth,2.0,4.0,FINISHED
2024,2024-11-30T17:30:00Z,West Ham United FC,Arsenal FC,2.0,5.0,FINISHED
2024,2024-12-01T13:30:00Z,Chelsea FC,Aston Villa FC,3.0,0.0,FINISHED
2024,2024-12-01T13:30:00Z,Manchester United FC,Everton FC,4.0,0.0,FINISHED
2024,2024-12-01T13:30:00Z,Tottenham Hotspur FC,Fulham FC,1.0,1.0,FINISHED
2024,2024-12-01T16:00:00Z,Liverpool FC,Manchester City FC,2.0,0.0,FINISHED
2024,2024-12-03T19:30:00Z,Ipswich Town FC,Crystal Palace FC,0.0,1.0,FINISHED
2024,2024-12-03T20:15:00Z,Leicester City FC,West Ham United FC,3.0,1.0,FINISHED
2024,2024-12-04T19:30:00Z,Everton FC,Wolverhampton Wanderers FC,4.0,0.0,FINISHED
2024,2024-12-04T19:30:00Z,Manchester City FC,Nottingham Forest FC,3.0,0.0,FINISHED
2024,2024-12-04T19:30:00Z,Newcastle United FC,Liverpool FC,3.0,3.0,FINISHED
2024,2024-12-04T19:30:00Z,Southampton FC,Chelsea FC,1.0,5.0,FINISHED
2024,2024-12-04T20:15:00Z,Arsenal FC,Manchester United FC,2.0,0.0,FINISHED
2024,2024-12-04T20:15:00Z,Aston Villa FC,Brentford FC,3.0,1.0,FINISHED
2024,2024-12-05T19:30:00Z,Fulham FC,Brighton & Hove Albion FC,3.0,1.0,FINISHED
2024,2024-12-05T20:15:00Z,AFC Bournemouth,Tottenham Hotspur FC,1.0,0.0,FINISHED
2024,2024-12-07T15:00:00Z,Aston Villa FC,Southampton FC,1.0,0.0,FINISHED
2024,2024-12-07T15:00:00Z,Brentford FC,Newcastle United FC,4.0,2.0,FINISHED
2024,2024-12-07T15:00:00Z,Crystal Palace FC,Manchester City FC,2.0,2.0,FINISHED
2024,2024-12-07T17:30:00Z,Manchester United FC,Nottingham Forest FC,2.0,3.0,FINISHED
2024,2024-12-08T14:00:00Z,Fulham FC,Arsenal FC,1.0,1.0,FINISHED
2024,2024-12-08T14:00:00Z,Ipswich Town FC,AFC Bournemouth,1.0,2.0,FINISHED
2024,2024-12-08T14:00:00Z,Leicester City FC,Brighton & Hove Albion FC,2.0,2.0,FINISHED
2024,2024-12-08T16:30:00Z,Tottenham Hotspur FC,Chelsea FC,3.0,4.0,FINISHED
2024,2024-12-09T20:00:00Z,West Ham United FC,Wolverhampton Wanderers FC,2.0,1.0,FINISHED
2024,2024-12-14T15:00:00Z,Arsenal FC,Everton FC,0.0,0.0,FINISHED
2024,2024-12-14T15:00:00Z,Liverpool FC,Fulham FC,2.0,2.0,FINISHED
2024,2024-12-14T15:00:00Z,Newcastle United FC,Leicester City FC,4.0,0.0,FINISHED
2024,2024-12-14T15:00:00Z,Wolverhampton Wanderers FC,Ipswich Town FC,1.0,2.0,FINISHED
2024,2024-12-14T17:30:00Z,Nottingham Forest FC,Aston Villa FC,2.0,1.0,FINISHED
2024,2024-12-15T14:00:00Z,Brighton & Hove Albion FC,Crystal Palace FC,1.0,3.0,FINISHED
2024,2024-12-15T16:30:00Z,Manchester City FC,Manchester United FC,1.0,2.0,FINISHED
2024,2024-12-15T19:00:00Z,Chelsea FC,Brentford FC,2.0,1.0,FINISHED
2024,2024-12-15T19:00:00Z,Southampton FC,Tottenham Hotspur FC,0.0,5.0,FINISHED
2024,2024-12-16T20:00:00Z,AFC Bournemouth,West Ham United FC,1.0,1.0,FINISHED
2024,2024-12-21T12:30:00Z,Aston Villa FC,Manchester City FC,2.0,1.0,FINISHED
2024,2024-12-21T15:00:00Z,Brentford FC,Nottingham Forest FC,0.0,2.0,FINISHED
2024,2024-12-21T15:00:00Z,Ipswich Town FC,Newcastle United FC,0.0,4.0,FINISHED
2024,2024-12-21T15:00:00Z,West Ham United FC,Brighton & Hove Albion FC,1.0,1.0,FINISHED
2024,2024-12-21T17:30:00Z,Crystal Palace FC,Arsenal FC,1.0,5.0,FINISHED
2024,2024-12-22T14:00:00Z,Everton FC,Chelsea FC,0.0,0.0,FINISHED
2024,2024-12-22T14:00:00Z,Fulham FC,Southampton FC,0.0,0.0,FINISHED
2024,2024-12-22T14:00:00Z,Leicester City FC,Wolverhampton Wanderers FC,0.0,3.0,FINISHED
2024,2024-12-22T14:00:00Z,Manchester United FC,AFC Bournemouth,0.0,3.0,FINISHED
2024,2024-12-22T16:30:00Z,Tottenham Hotspur FC,Liverpool FC,3.0,6.0,FINISHED
2024,2024-12-26T12:30:00Z,Manchester City FC,Everton FC,1.0,1.0,FINISHED
2024,2024-12-26T15:00:00Z,AFC Bournemouth,Crystal Palace FC,0.0,0.0,FINISHED
2024,2024-12-26T15:00:00Z,Chelsea FC,Fulham FC,1.0,2.0,FINISHED
2024,2024-12-26T15:00:00Z,Newcastle United FC,Aston Villa FC,3.0,0.0,FINISHED
2024,2024-12-26T15:00:00Z,Nottingham Forest FC,Tottenham Hotspur FC,1.0,0.0,FINISHED
2024,2024-12-26T15:00:00Z,Southampton FC,West Ham United FC,0.0,1.0,FINISHED
2024,2024-12-26T17:30:00Z,Wolverhampton Wanderers FC,Manchester United FC,2.0,0.0,FINISHED
2024,2024-12-26T20:00:00Z,Liverpool FC,Leicester City FC,3.0,1.0,FINISHED
2024,2024-12-27T19:30:00Z,Brighton & Hove Albion FC,Brentford FC,0.0,0.0,FINISHED
2024,2024-12-27T20:15:00Z,Arsenal FC,Ipswich Town FC,1.0,0.0,FINISHED
2024,2024-12-29T14:30:00Z,Leicester City FC,Manchester City FC,0.0,2.0,FINISHED
2024,2024-12-29T15:00:00Z,Crystal Palace FC,Southampton FC,2.0,1.0,FINISHED
2024,2024-12-29T15:00:00Z,Everton FC,Nottingham Forest FC,0.0,2.0,FINISHED
2024,2024-12-29T15:00:00Z,Fulham FC,AFC Bournemouth,2.0,2.0,FINISHED
2024,2024-12-29T15:00:00Z,Tottenham Hotspur FC,Wolverhampton Wanderers FC,2.0,2.0,FINISHED
2024,2024-12-29T17:15:00Z,West Ham United FC,Liverpool FC,0.0,5.0,FINISHED
2024,2024-12-30T19:45:00Z,Aston Villa FC,Brighton & Hove Albion FC,2.0,2.0,FINISHED
2024,2024-12-30T19:45:00Z,Ipswich Town FC,Chelsea FC,2.0,0.0,FINISHED
2024,2024-12-30T20:00:00Z,Manchester United FC,Newcastle United FC,0.0,2.0,FINISHED
2024,2025-01-01T17:30:00Z,Brentford FC,Arsenal FC,1.0,3.0,FINISHED
2024,2025-01-04T12:30:00Z,Tottenham Hotspur FC,Newcastle United FC,1.0,2.0,FINISHED
2024,2025-01-04T15:00:00Z,Southampton FC,Brentford FC,0.0,5.0,FINISHED
2024,2025-01-04T15:00:00Z,Crystal Palace FC,Chelsea FC,1.0,1.0,FINISHED
2024,2025-01-04T15:00:00Z,AFC Bournemouth,Everton FC,1.0,0.0,FINISHED
2024,2025-01-04T15:00:00Z,Aston Villa FC,Leicester City FC,2.0,1.0,FINISHED
2024,2025-01-04T15:00:00Z,Manchester City FC,West Ham United FC,4.0,1.0,FINISHED
2024,2025-01-04T17:30:00Z,Brighton & Hove Albion FC,Arsenal FC,1.0,1.0,FINISHED
2024,2025-01-05T14:00:00Z,Fulham FC,Ipswich Town FC,2.0,2.0,FINISHED
2024,2025-01-05T16:30:00Z,Liverpool FC,Manchester United FC,2.0,2.0,FINISHED
2024,2025-01-06T20:00:00Z,Wolverhampton Wanderers FC,Nottingham Forest FC,0.0,3.0,FINISHED
2024,2025-01-14T19:30:00Z,West Ham United FC,Fulham FC,3.0,2.0,FINISHED
2024,2025-01-14T19:30:00Z,Brentford FC,Manchester City FC,2.0,2.0,FINISHED
2024,2025-01-14T19:30:00Z,Chelsea FC,AFC Bournemouth,2.0,2.0,FINISHED
2024,2025-01-14T20:00:00Z,Nottingham Forest FC,Liverpool FC,1.0,1.0,FINISHED
2024,2025-01-15T19:30:00Z,Everton FC,Aston Villa FC,0.0,1.0,FINISHED
2024,2025-01-15T19:30:00Z,Leicester City FC,Crystal Palace FC,0.0,2.0,FINISHED
2024,2025-01-15T19:30:00Z,Newcastle United FC,Wolverhampton Wanderers FC,3.0,0.0,FINISHED
2024,2025-01-15T20:00:00Z,Arsenal FC,Tottenham Hotspur FC,2.0,1.0,FINISHED
2024,2025-01-16T19:30:00Z,Ipswich Town FC,Brighton & Hove Albion FC,0.0,2.0,FINISHED
2024,2025-01-16T20:00:00Z,Manchester United FC,Southampton FC,3.0,1.0,FINISHED
2024,2025-01-18T12:30:00Z,Newcastle United FC,AFC Bournemouth,1.0,4.0,FINISHED
2024,2025-01-18T15:00:00Z,West Ham United FC,Crystal Palace FC,0.0,2.0,FINISHED
2024,2025-01-18T15:00:00Z,Leicester City FC,Fulham FC,0.0,2.0,FINISHED
2024,2025-01-18T15:00:00Z,Brentford FC,Liverpool FC,0.0,2.0,FINISHED
2024,2025-01-18T17:30:00Z,Arsenal FC,Aston Villa FC,2.0,2.0,FINISHED
2024,2025-01-19T14:00:00Z,Manchester United FC,Brighton & Hove Albion FC,1.0,3.0,FINISHED
2024,2025-01-19T14:00:00Z,Nottingham Forest FC,Southampton FC,3.0,2.0,FINISHED
2024,2025-01-19T14:00:00Z,Everton FC,Tottenham Hotspur FC,3.0,2.0,FINISHED
2024,2025-01-19T16:30:00Z,Ipswich Town FC,Manchester City FC,0.0,6.0,FINISHED
2024,2025-01-20T20:00:00Z,Chelsea FC,Wolverhampton Wanderers FC,3.0,1.0,FINISHED
2024,2025-01-25T15:00:00Z,Liverpool FC,Ipswich Town FC,4.0,1.0,FINISHED
2024,2025-01-25T15:00:00Z,Wolverhampton Wanderers FC,Arsenal FC,0.0,1.0,FINISHED
2024,2025-01-25T15:00:00Z,Brighton & Hove Albion FC,Everton FC,0.0,1.0,FINISHED
2024,2025-01-25T15:00:00Z,Southampton FC,Newcastle United FC,1.0,3.0,FINISHED
2024,2025-01-25T15:00:00Z,AFC Bournemouth,Nottingham Forest FC,5.0,0.0,FINISHED
2024,2025-01-25T17:30:00Z,Manchester City FC,Chelsea FC,3.0,1.0,FINISHED
2024,2025-01-26T14:00:00Z,Crystal Palace FC,Brentford FC,1.0,2.0,FINISHED
2024,2025-01-26T14:00:00Z,Tottenham Hotspur FC,Leicester City FC,1.0,2.0,FINISHED
2024,2025-01-26T16:30:00Z,Aston Villa FC,West Ham United FC,1.0,1.0,FINISHED
2024,2025-01-26T19:00:00Z,Fulham FC,Manchester United FC,0.0,1.0,FINISHED
2024,2025-02-01T12:30:00Z,Nottingham Forest FC,Brighton & Hove Albion FC,7.0,0.0,FINISHED
2024,2025-02-01T15:00:00Z,Newcastle United FC,Fulham FC,1.0,2.0,FINISHED
2024,2025-02-01T15:00:00Z,Everton FC,Leicester City FC,4.0,0.0,FINISHED
2024,2025-02-01T15:00:00Z,AFC Bournemouth,Liverpool FC,0.0,2.0,FINISHED
2024,2025-02-01T15:00:00Z,Ipswich Town FC,Southampton FC,1.0,2.0,FINISHED
2024,2025-02-01T17:30:00Z,Wolverhampton Wanderers FC,Aston Villa FC,2.0,0.0,FINISHED
2024,2025-02-02T14:00:00Z,Manchester United FC,Crystal Palace FC,0.0,2.0,FINISHED
2024,2025-02-02T14:00:00Z,Brentford FC,Tottenham Hotspur FC,0.0,2.0,FINISHED
2024,2025-02-02T16:30:00Z,Arsenal FC,Manchester City FC,5.0,1.0,FINISHED
2024,2025-02-03T20:00:00Z,Chelsea FC,West Ham United FC,2.0,1.0,FINISHED
2024,2025-02-12T19:30:00Z,Everton FC,Liverpool FC,2.0,2.0,FINISHED
2024,2025-02-14T20:00:00Z,Brighton & Hove Albion FC,Chelsea FC,3.0,0.0,FINISHED
2024,2025-02-15T12:30:00Z,Leicester City FC,Arsenal FC,0.0,2.0,FINISHED
2024,2025-02-15T15:00:00Z,Southampton FC,AFC Bournemouth,1.0,3.0,FINISHED
2024,2025-02-15T15:00:00Z,West Ham United FC,Brentford FC,0.0,1.0,FINISHED
2024,2025-02-15T15:00:00Z,Aston Villa FC,Ipswich Town FC,1.0,1.0,FINISHED
2024,2025-02-15T15:00:00Z,Manchester City FC,Newcastle United FC,4.0,0.0,FINISHED
2024,2025-02-15T15:00:00Z,Fulham FC,Nottingham Forest FC,2.0,1.0,FINISHED
2024,2025-02-15T17:30:00Z,Crystal Palace FC,Everton FC,1.0,2.0,FINISHED
2024,2025-02-16T14:00:00Z,Liverpool FC,Wolverhampton Wanderers FC,2.0,1.0,FINISHED
2024,2025-02-16T16:30:00Z,Tottenham Hotspur FC,Manchester United FC,1.0,0.0,FINISHED
2024,2025-02-19T19:30:00Z,Aston Villa FC,Liverpool FC,2.0,2.0,FINISHED
2024,2025-02-21T20:00:00Z,Leicester City FC,Brentford FC,0.0,4.0,FINISHED
2024,2025-02-22T12:30:00Z,Everton FC,Manchester United FC,2.0,2.0,FINISHED
2024,2025-02-22T15:00:00Z,Ipswich Town FC,Tottenham Hotspur FC,1.0,4.0,FINISHED
2024,2025-02-22T15:00:00Z,Fulham FC,Crystal Palace FC,0.0,2.0,FINISHED
2024,2025-02-22T15:00:00Z,Arsenal FC,West Ham United FC,0.0,1.0,FINISHED
2024,2025-02-22T15:00:00Z,AFC Bournemouth,Wolverhampton Wanderers FC,0.0,1.0,FINISHED
2024,2025-02-22T15:00:00Z,Southampton FC,Brighton & Hove Albion FC,0.0,4.0,FINISHED
2024,2025-02-22T17:30:00Z,Aston Villa FC,Chelsea FC,2.0,1.0,FINISHED
2024,2025-02-23T14:00:00Z,Newcastle United FC,Nottingham Forest FC,4.0,3.0,FINISHED
2024,2025-02-23T16:30:00Z,Manchester City FC,Liverpool FC,0.0,2.0,FINISHED
2024,2025-02-25T19:30:00Z,Brighton & Hove Albion FC,AFC Bournemouth,2.0,1.0,FINISHED
2024,2025-02-25T19:30:00Z,Crystal Palace FC,Aston Villa FC,4.0,1.0,FINISHED
2024,2025-02-25T19:30:00Z,Wolverhampton Wanderers FC,Fulham FC,1.0,2.0,FINISHED
2024,2025-02-25T20:15:00Z,Chelsea FC,Southampton FC,4.0,0.0,FINISHED
2024,2025-02-26T19:30:00Z,Nottingham Forest FC,Arsenal FC,0.0,0.0,FINISHED
2024,2025-02-26T19:30:00Z,Brentford FC,Everton FC,1.0,1.0,FINISHED
2024,2025-02-26T19:30:00Z,Tottenham Hotspur FC,Manchester City FC,0.0,1.0,FINISHED
2024,2025-02-26T19:30:00Z,Manchester United FC,Ipswich Town FC,3.0,2.0,FINISHED
2024,2025-02-26T20:15:00Z,Liverpool FC,Newcastle United FC,2.0,0.0,FINISHED
2024,2025-02-27T20:00:00Z,West Ham United FC,Leicester City FC,2.0,0.0,FINISHED
2024,2025-03-08T12:30:00Z,Nottingham Forest FC,Manchester City FC,1.0,0.0,FINISHED
2024,2025-03-08T15:00:00Z,Brighton & Hove Albion FC,Fulham FC,2.0,1.0,FINISHED
2024,2025-03-08T15:00:00Z,Crystal Palace FC,Ipswich Town FC,1.0,0.0,FINISHED
2024,2025-03-08T15:00:00Z,Liverpool FC,Southampton FC,3.0,1.0,FINISHED
2024,2025-03-08T17:30:00Z,Brentford FC,Aston Villa FC,0.0,1.0,FINISHED
2024,2025-03-08T20:00:00Z,Wolverhampton Wanderers FC,Everton FC,1.0,1.0,FINISHED
2024,2025-03-09T14:00:00Z,Tottenham Hotspur FC,AFC Bournemouth,2.0,2.0,FINISHED
2024,2025-03-09T14:00:00Z,Chelsea FC,Leicester City FC,1.0,0.0,FINISHED
2024,2025-03-09T16:30:00Z,Manchester United FC,Arsenal FC,1.0,1.0,FINISHED
2024,2025-03-10T20:00:00Z,West Ham United FC,Newcastle United FC,0.0,1.0,FINISHED
2024,2025-03-15T15:00:00Z,Everton FC,West Ham United FC,1.0,1.0,FINISHED
2024,2025-03-15T15:00:00Z,Ipswich Town FC,Nottingham Forest FC,2.0,4.0,FINISHED
2024,2025-03-15T15:00:00Z,Manchester City FC,Brighton & Hove Albion FC,2.0,2.0,FINISHED
2024,2025-03-15T15:00:00Z,Southampton FC,Wolverhampton Wanderers FC,1.0,2.0,FINISHED
2024,2025-03-15T17:30:00Z,AFC Bournemouth,Brentford FC,1.0,2.0,FINISHED
2024,2025-03-16T13:30:00Z,Arsenal FC,Chelsea FC,1.0,0.0,FINISHED
2024,2025-03-16T13:30:00Z,Fulham FC,Tottenham Hotspur FC,2.0,0.0,FINISHED
2024,2025-03-16T19:00:00Z,Leicester City FC,Manchester United FC,0.0,3.0,FINISHED
2024,2025-04-01T18:45:00Z,Arsenal FC,Fulham FC,2.0,1.0,FINISHED
2024,2025-04-01T18:45:00Z,Wolverhampton Wanderers FC,West Ham United FC,1.0,0.0,FINISHED
2024,2025-04-01T19:00:00Z,Nottingham Forest FC,Manchester United FC,1.0,0.0,FINISHED
2024,2025-04-02T18:45:00Z,AFC Bournemouth,Ipswich Town FC,1.0,2.0,FINISHED
2024,2025-04-02T18:45:00Z,Brighton & Hove Albion FC,Aston Villa FC,0.0,3.0,FINISHED
2024,2025-04-02T18:45:00Z,Manchester City FC,Leicester City FC,2.0,0.0,FINISHED
2024,2025-04-02T18:45:00Z,Newcastle United FC,Brentford FC,2.0,1.0,FINISHED
2024,2025-04-02T18:45:00Z,Southampton FC,Crystal Palace FC,1.0,1.0,FINISHED
2024,2025-04-02T19:00:00Z,Liverpool FC,Everton FC,1.0,0.0,FINISHED
2024,2025-04-03T19:00:00Z,Chelsea FC,Tottenham Hotspur FC,1.0,0.0,FINISHED
2024,2025-04-05T11:30:00Z,Everton FC,Arsenal FC,1.0,1.0,FINISHED
2024,2025-04-05T14:00:00Z,Crystal Palace FC,Brighton & Hove Albion FC,2.0,1.0,FINISHED
2024,2025-04-05T14:00:00Z,Ipswich Town FC,Wolverhampton Wanderers FC,1.0,2.0,FINISHED
2024,2025-04-05T14:00:00Z,West Ham United FC,AFC Bournemouth,2.0,2.0,FINISHED
2024,2025-04-05T16:30:00Z,Aston Villa FC,Nottingham Forest FC,2.0,1.0,FINISHED
2024,2025-04-06T13:00:00Z,Brentford FC,Chelsea FC,0.0,0.0,FINISHED
2024,2025-04-06T13:00:00Z,Fulham FC,Liverpool FC,3.0,2.0,FINISHED
2024,2025-04-06T13:00:00Z,Tottenham Hotspur FC,Southampton FC,3.0,1.0,FINISHED
2024,2025-04-06T15:30:00Z,Manchester United FC,Manchester City FC,0.0,0.0,FINISHED
2024,2025-04-07T19:00:00Z,Leicester City FC,Newcastle United FC,0.0,3.0,FINISHED
2024,2025-04-12T11:30:00Z,Manchester City FC,Crystal Palace FC,5.0,2.0,FINISHED
2024,2025-04-12T14:00:00Z,Brighton & Hove Albion FC,Leicester City FC,2.0,2.0,FINISHED
2024,2025-04-12T14:00:00Z,Nottingham Forest FC,Everton FC,0.0,1.0,FINISHED
2024,2025-04-12T14:00:00Z,Southampton FC,Aston Villa FC,0.0,3.0,FINISHED
2024,2025-04-12T16:30:00Z,Arsenal FC,Brentford FC,1.0,1.0,FINISHED
2024,2025-04-13T13:00:00Z,Chelsea FC,Ipswich Town FC,2.0,2.0,FINISHED
2024,2025-04-13T13:00:00Z,Liverpool FC,West Ham United FC,2.0,1.0,FINISHED
2024,2025-04-13T13:00:00Z,Wolverhampton Wanderers FC,Tottenham Hotspur FC,4.0,2.0,FINISHED
2024,2025-04-13T15:30:00Z,Newcastle United FC,Manchester United FC,4.0,1.0,FINISHED
2024,2025-04-14T19:00:00Z,AFC Bournemouth,Fulham FC,1.0,0.0,FINISHED
2024,2025-04-16T18:30:00Z,Newcastle United FC,Crystal Palace FC,5.0,0.0,FINISHED
2024,2025-04-19T14:00:00Z,Brentford FC,Brighton & Hove Albion FC,4.0,2.0,FINISHED
2024,2025-04-19T14:00:00Z,Crystal Palace FC,AFC Bournemouth,0.0,0.0,FINISHED
2024,2025-04-19T14:00:00Z,Everton FC,Manchester City FC,0.0,2.0,FINISHED
2024,2025-04-19T14:00:00Z,West Ham United FC,Southampton FC,1.0,1.0,FINISHED
2024,2025-04-19T16:30:00Z,Aston Villa FC,Newcastle United FC,4.0,1.0,FINISHED
2024,2025-04-20T13:00:00Z,Fulham FC,Chelsea FC,1.0,2.0,FINISHED
2024,2025-04-20T13:00:00Z,Ipswich Town FC,Arsenal FC,0.0,4.0,FINISHED
2024,2025-04-20T13:00:00Z,Manchester United FC,Wolverhampton Wanderers FC,0.0,1.0,FINISHED
2024,2025-04-20T15:30:00Z,Leicester City FC,Liverpool FC,0.0,1.0,FINISHED
2024,2025-04-21T19:00:00Z,Tottenham Hotspur FC,Nottingham Forest FC,1.0,2.0,FINISHED
2024,2025-04-22T19:00:00Z,Manchester City FC,Aston Villa FC,2.0,1.0,FINISHED
2024,2025-04-23T19:00:00Z,Arsenal FC,Crystal Palace FC,2.0,2.0,FINISHED
2024,2025-04-26T11:30:00Z,Chelsea FC,Everton FC,1.0,0.0,FINISHED
2024,2025-04-26T14:00:00Z,Brighton & Hove Albion FC,West Ham United FC,3.0,2.0,FINISHED
2024,2025-04-26T14:00:00Z,Newcastle United FC,Ipswich Town FC,3.0,0.0,FINISHED
2024,2025-04-26T14:00:00Z,Southampton FC,Fulham FC,1.0,2.0,FINISHED
2024,2025-04-26T14:00:00Z,Wolverhampton Wanderers FC,Leicester City FC,3.0,0.0,FINISHED
2024,2025-04-27T13:00:00Z,AFC Bournemouth,Manchester United FC,1.0,1.0,FINISHED
2024,2025-04-27T15:30:00Z,Liverpool FC,Tottenham Hotspur FC,5.0,1.0,FINISHED
2024,2025-05-01T18:30:00Z,Nottingham Forest FC,Brentford FC,0.0,2.0,FINISHED
2024,2025-05-02T19:00:00Z,Manchester City FC,Wolverhampton Wanderers FC,1.0,0.0,FINISHED
2024,2025-05-03T11:30:00Z,Aston Villa FC,Fulham FC,1.0,0.0,FINISHED
2024,2025-05-03T14:00:00Z,Everton FC,Ipswich Town FC,2.0,2.0,FINISHED
2024,2025-05-03T14:00:00Z,Leicester City FC,Southampton FC,2.0,0.0,FINISHED
2024,2025-05-03T16:30:00Z,Arsenal FC,AFC Bournemouth,1.0,2.0,FINISHED
2024,2025-05-04T13:00:00Z,Brentford FC,Manchester United FC,4.0,3.0,FINISHED
2024,2025-05-04T13:00:00Z,Brighton & Hove Albion FC,Newcastle United FC,1.0,1.0,FINISHED
2024,2025-05-04T13:00:00Z,West Ham United FC,Tottenham Hotspur FC,1.0,1.0,FINISHED
2024,2025-05-04T15:30:00Z,Chelsea FC,Liverpool FC,3.0,1.0,FINISHED
2024,2025-05-05T19:00:00Z,Crystal Palace FC,Nottingham Forest FC,1.0,1.0,FINISHED
2024,2025-05-10T14:00:00Z,Fulham FC,Everton FC,1.0,3.0,FINISHED
2024,2025-05-10T14:00:00Z,Ipswich Town FC,Brentford FC,0.0,1.0,FINISHED
2024,2025-05-10T14:00:00Z,Southampton FC,Manchester City FC,0.0,0.0,FINISHED
2024,2025-05-10T14:00:00Z,Wolverhampton Wanderers FC,Brighton & Hove Albion FC,0.0,2.0,FINISHED
2024,2025-05-10T16:30:00Z,AFC Bournemouth,Aston Villa FC,0.0,1.0,FINISHED
2024,2025-05-11T11:00:00Z,Newcastle United FC,Chelsea FC,2.0,0.0,FINISHED
2024,2025-05-11T13:15:00Z,Manchester United FC,West Ham United FC,0.0,2.0,FINISHED
2024,2025-05-11T13:15:00Z,Nottingham Forest FC,Leicester City FC,2.0,2.0,FINISHED
2024,2025-05-11T13:15:00Z,Tottenham Hotspur FC,Crystal Palace FC,0.0,2.0,FINISHED
2024,2025-05-11T15:30:00Z,Liverpool FC,Arsenal FC,2.0,2.0,FINISHED
2024,2025-05-16T18:30:00Z,Aston Villa FC,Tottenham Hotspur FC,2.0,0.0,FINISHED
2024,2025-05-16T19:15:00Z,Chelsea FC,Manchester United FC,1.0,0.0,FINISHED
2024,2025-05-18T11:00:00Z,Everton FC,Southampton FC,2.0,0.0,FINISHED
2024,2025-05-18T13:15:00Z,West Ham United FC,Nottingham Forest FC,1.0,2.0,FINISHED
2024,2025-05-18T14:00:00Z,Brentford FC,Fulham FC,2.0,3.0,FINISHED
2024,2025-05-18T14:00:00Z,Leicester City FC,Ipswich Town FC,2.0,0.0,FINISHED
2024,2025-05-18T15:30:00Z,Arsenal FC,Newcastle United FC,1.0,0.0,FINISHED
2024,2025-05-19T19:00:00Z,Brighton & Hove Albion FC,Liverpool FC,3.0,2.0,FINISHED
2024,2025-05-20T19:00:00Z,Crystal Palace FC,Wolverhampton Wanderers FC,4.0,2.0,FINISHED
2024,2025-05-20T19:00:00Z,Manchester City FC,AFC Bournemouth,3.0,1.0,FINISHED
2024,2025-05-25T15:00:00Z,AFC Bournemouth,Leicester City FC,2.0,0.0,FINISHED
2024,2025-05-25T15:00:00Z,Fulham FC,Manchester City FC,0.0,2.0,FINISHED
2024,2025-05-25T15:00:00Z,Ipswich Town FC,West Ham United FC,1.0,3.0,FINISHED
2024,2025-05-25T15:00:00Z,Liverpool FC,Crystal Palace FC,1.0,1.0,FINISHED
2024,2025-05-25T15:00:00Z,Manchester United FC,Aston Villa FC,2.0,0.0,FINISHED
2024,2025-05-25T15:00:00Z,Newcastle United FC,Everton FC,0.0,1.0,FINISHED
2024,2025-05-25T15:00:00Z,Nottingham Forest FC,Chelsea FC,0.0,1.0,FINISHED
2024,2025-05-25T15:00:00Z,Southampton FC,Arsenal FC,1.0,2.0,FINISHED
2024,2025-05-25T15:00:00Z,Tottenham Hotspur FC,Brighton & Hove Albion FC,1.0,4.0,FINISHED
2024,2025-05-25T15:00:00Z,Wolverhampton Wanderers FC,Brentford FC,1.0,1.0,FINISHED
2025,2025-08-15T19:00:00Z,Liverpool FC,AFC Bournemouth,4.0,2.0,FINISHED
2025,2025-08-16T11:30:00Z,Aston Villa FC,Newcastle United FC,0.0,0.0,FINISHED
2025,2025-08-16T14:00:00Z,Brighton & Hove Albion FC,Fulham FC,1.0,1.0,FINISHED
2025,2025-08-16T14:00:00Z,Sunderland AFC,West Ham United FC,3.0,0.0,FINISHED
2025,2025-08-16T14:00:00Z,Tottenham Hotspur FC,Burnley FC,3.0,0.0,FINISHED
2025,2025-08-16T16:30:00Z,Wolverhampton Wanderers FC,Manchester City FC,0.0,4.0,FINISHED
2025,2025-08-17T13:00:00Z,Nottingham Forest FC,Brentford FC,3.0,1.0,FINISHED
2025,2025-08-17T13:00:00Z,Chelsea FC,Crystal Palace FC,0.0,0.0,FINISHED
2025,2025-08-17T15:30:00Z,Manchester United FC,Arsenal FC,0.0,1.0,FINISHED
2025,2025-08-18T19:00:00Z,Leeds United FC,Everton FC,1.0,0.0,FINISHED
2025,2025-08-22T19:00:00Z,West Ham United FC,Chelsea FC,1.0,5.0,FINISHED
2025,2025-08-23T11:30:00Z,Manchester City FC,Tottenham Hotspur FC,0.0,2.0,FINISHED
2025,2025-08-23T14:00:00Z,AFC Bournemouth,Wolverhampton Wanderers FC,1.0,0.0,FINISHED
2025,2025-08-23T14:00:00Z,Brentford FC,Aston Villa FC,1.0,0.0,FINISHED
2025,2025-08-23T14:00:00Z,Burnley FC,Sunderland AFC,2.0,0.0,FINISHED
2025,2025-08-23T16:30:00Z,Arsenal FC,Leeds United FC,5.0,0.0,FINISHED
2025,2025-08-24T13:00:00Z,Crystal Palace FC,Nottingham Forest FC,1.0,1.0,FINISHED
2025,2025-08-24T13:00:00Z,Everton FC,Brighton & Hove Albion FC,2.0,0.0,FINISHED
2025,2025-08-24T15:30:00Z,Fulham FC,Manchester United FC,1.0,1.0,FINISHED
2025,2025-08-25T19:00:00Z,Newcastle United FC,Liverpool FC,2.0,3.0,FINISHED
2025,2025-08-30T11:30:00Z,Chelsea FC,Fulham FC,2.0,0.0,FINISHED
2025,2025-08-30T14:00:00Z,Sunderland AFC,Brentford FC,2.0,1.0,FINISHED
2025,2025-08-30T14:00:00Z,Manchester United FC,Burnley FC,3.0,2.0,FINISHED
2025,2025-08-30T14:00:00Z,Tottenham Hotspur FC,AFC Bournemouth,0.0,1.0,FINISHED
2025,2025-08-30T14:00:00Z,Wolverhampton Wanderers FC,Everton FC,2.0,3.0,FINISHED
2025,2025-08-30T16:30:00Z,Leeds United FC,Newcastle United FC,0.0,0.0,FINISHED
2025,2025-08-31T13:00:00Z,Brighton & Hove Albion FC,Manchester City FC,2.0,1.0,FINISHED
2025,2025-08-31T13:00:00Z,Nottingham Forest FC,West Ham United FC,0.0,3.0,FINISHED
2025,2025-08-31T15:30:00Z,Liverpool FC,Arsenal FC,1.0,0.0,FINISHED
2025,2025-08-31T18:00:00Z,Aston Villa FC,Crystal Palace FC,0.0,3.0,FINISHED
2025,2025-09-13T11:30:00Z,Arsenal FC,Nottingham Forest FC,3.0,0.0,FINISHED
2025,2025-09-13T14:00:00Z,AFC Bournemouth,Brighton & Hove Albion FC,2.0,1.0,FINISHED
2025,2025-09-13T14:00:00Z,Crystal Palace FC,Sunderland AFC,0.0,0.0,FINISHED
2025,2025-09-13T14:00:00Z,Everton FC,Aston Villa FC,0.0,0.0,FINISHED
2025,2025-09-13T14:00:00Z,Fulham FC,Leeds United FC,1.0,0.0,FINISHED
2025,2025-09-13T14:00:00Z,Newcastle United FC,Wolverhampton Wanderers FC,1.0,0.0,FINISHED
2025,2025-09-13T16:30:00Z,West Ham United FC,Tottenham Hotspur FC,0.0,3.0,FINISHED
2025,2025-09-13T19:00:00Z,Brentford FC,Chelsea FC,2.0,2.0,FINISHED
2025,2025-09-14T13:00:00Z,Burnley FC,Liverpool FC,0.0,1.0,FINISHED
2025,2025-09-14T15:30:00Z,Manchester City FC,Manchester United FC,3.0,0.0,FINISHED
2025,2025-09-20T11:30:00Z,Liverpool FC,Everton FC,2.0,1.0,FINISHED
2025,2025-09-20T14:00:00Z,Brighton & Hove Albion FC,Tottenham Hotspur FC,2.0,2.0,FINISHED
2025,2025-09-20T14:00:00Z,Burnley FC,Nottingham Forest FC,1.0,1.0,FINISHED
2025,2025-09-20T14:00:00Z,West Ham United FC,Crystal Palace FC,1.0,2.0,FINISHED
2025,2025-09-20T14:00:00Z,Wolverhampton Wanderers FC,Leeds United FC,1.0,3.0,FINISHED
2025,2025-09-20T16:30:00Z,Manchester United FC,Chelsea FC,2.0,1.0,FINISHED
2025,2025-09-20T19:00:00Z,Fulham FC,Brentford FC,3.0,1.0,FINISHED
2025,2025-09-21T13:00:00Z,AFC Bournemouth,Newcastle United FC,0.0,0.0,FINISHED
2025,2025-09-21T13:00:00Z,Sunderland AFC,Aston Villa FC,1.0,1.0,FINISHED
2025,2025-09-21T15:30:00Z,Arsenal FC,Manchester City FC,1.0,1.0,FINISHED
2025,2025-09-27T11:30:00Z,Brentford FC,Manchester United FC,3.0,1.0,FINISHED
2025,2025-09-27T14:00:00Z,Crystal Palace FC,Liverpool FC,2.0,1.0,FINISHED
2025,2025-09-27T14:00:00Z,Chelsea FC,Brighton & Hove Albion FC,1.0,3.0,FINISHED
2025,2025-09-27T14:00:00Z,Leeds United FC,AFC Bournemouth,2.0,2.0,FINISHED
2025,2025-09-27T14:00:00Z,Manchester City FC,Burnley FC,5.0,1.0,FINISHED
2025,2025-09-27T16:30:00Z,Nottingham Forest FC,Sunderland AFC,0.0,1.0,FINISHED
2025,2025-09-27T19:00:00Z,Tottenham Hotspur FC,Wolverhampton Wanderers FC,1.0,1.0,FINISHED
2025,2025-09-28T13:00:00Z,Aston Villa FC,Fulham FC,3.0,1.0,FINISHED
2025,2025-09-28T15:30:00Z,Newcastle United FC,Arsenal FC,1.0,2.0,FINISHED
2025,2025-09-29T19:00:00Z,Everton FC,West Ham United FC,1.0,1.0,FINISHED
2025,2025-10-03T19:00:00Z,AFC Bournemouth,Fulham FC,3.0,1.0,FINISHED
2025,2025-10-04T11:30:00Z,Leeds United FC,Tottenham Hotspur FC,1.0,2.0,FINISHED
2025,2025-10-04T14:00:00Z,Arsenal FC,West Ham United FC,2.0,0.0,FINISHED
2025,2025-10-04T14:00:00Z,Manchester United FC,Sunderland AFC,2.0,0.0,FINISHED
2025,2025-10-04T16:30:00Z,Chelsea FC,Liverpool FC,2.0,1.0,FINISHED
2025,2025-10-05T13:00:00Z,Aston Villa FC,Burnley FC,2.0,1.0,FINISHED
2025,2025-10-05T13:00:00Z,Everton FC,Crystal Palace FC,2.0,1.0,FINISHED
2025,2025-10-05T13:00:00Z,Newcastle United FC,Nottingham Forest FC,2.0,0.0,FINISHED
2025,2025-10-05T13:00:00Z,Wolverhampton Wanderers FC,Brighton & Hove Albion FC,1.0,1.0,FINISHED
2025,2025-10-05T15:30:00Z,Brentford FC,Manchester City FC,0.0,1.0,FINISHED
2025,2025-10-18T11:30:00Z,Nottingham Forest FC,Chelsea FC,0.0,3.0,FINISHED
2025,2025-10-18T14:00:00Z,Brighton & Hove Albion FC,Newcastle United FC,2.0,1.0,FINISHED
2025,2025-10-18T14:00:00Z,Crystal Palace FC,AFC Bournemouth,3.0,3.0,FINISHED
2025,2025-10-18T14:00:00Z,Burnley FC,Leeds United FC,2.0,0.0,FINISHED
2025,2025-10-18T14:00:00Z,Manchester City FC,Everton FC,2.0,0.0,FINISHED
2025,2025-10-18T14:00:00Z,Sunderland AFC,Wolverhampton Wanderers FC,2.0,0.0,FINISHED
2025,2025-10-18T16:30:00Z,Fulham FC,Arsenal FC,0.0,1.0,FINISHED
2025,2025-10-19T13:00:00Z,Tottenham Hotspur FC,Aston Villa FC,1.0,2.0,FINISHED
2025,2025-10-19T15:30:00Z,Liverpool FC,Manchester United FC,1.0,2.0,FINISHED
2025,2025-10-20T19:00:00Z,West Ham United FC,Brentford FC,0.0,2.0,FINISHED
2025,2025-10-24T19:00:00Z,Leeds United FC,West Ham United FC,2.0,1.0,FINISHED
2025,2025-10-25T14:00:00Z,Chelsea FC,Sunderland AFC,1.0,2.0,FINISHED
2025,2025-10-25T14:00:00Z,Newcastle United FC,Fulham FC,2.0,1.0,FINISHED
2025,2025-10-25T16:30:00Z,Manchester United FC,Brighton & Hove Albion FC,4.0,2.0,FINISHED
2025,2025-10-25T19:00:00Z,Brentford FC,Liverpool FC,3.0,2.0,FINISHED
2025,2025-10-26T14:00:00Z,AFC Bournemouth,Nottingham Forest FC,2.0,0.0,FINISHED
2025,2025-10-26T14:00:00Z,Aston Villa FC,Manchester City FC,1.0,0.0,FINISHED
2025,2025-10-26T14:00:00Z,Arsenal FC,Crystal Palace FC,1.0,0.0,FINISHED
2025,2025-10-26T14:00:00Z,Wolverhampton Wanderers FC,Burnley FC,2.0,3.0,FINISHED
2025,2025-10-26T16:30:00Z,Everton FC,Tottenham Hotspur FC,0.0,3.0,FINISHED
2025,2025-11-01T15:00:00Z,Brighton & Hove Albion FC,Leeds United FC,3.0,0.0,FINISHED
2025,2025-11-01T15:00:00Z,Crystal Palace FC,Brentford FC,2.0,0.0,FINISHED
2025,2025-11-01T15:00:00Z,Burnley FC,Arsenal FC,0.0,2.0,FINISHED
2025,2025-11-01T15:00:00Z,Fulham FC,Wolverhampton Wanderers FC,3.0,0.0,FINISHED
2025,2025-11-01T15:00:00Z,Nottingham Forest FC,Manchester United FC,2.0,2.0,FINISHED
2025,2025-11-01T17:30:00Z,Tottenham Hotspur FC,Chelsea FC,0.0,1.0,FINISHED
2025,2025-11-01T20:00:00Z,Liverpool FC,Aston Villa FC,2.0,0.0,FINISHED
2025,2025-11-02T14:00:00Z,West Ham United FC,Newcastle United FC,3.0,1.0,FINISHED
2025,2025-11-02T16:30:00Z,Manchester City FC,AFC Bournemouth,3.0,1.0,FINISHED
2025,2025-11-03T20:00:00Z,Sunderland AFC,Everton FC,1.0,1.0,FINISHED
2025,2025-11-08T12:30:00Z,Tottenham Hotspur FC,Manchester United FC,2.0,2.0,FINISHED
2025,2025-11-08T15:00:00Z,Everton FC,Fulham FC,2.0,0.0,FINISHED
2025,2025-11-08T15:00:00Z,West Ham United FC,Burnley FC,3.0,2.0,FINISHED
2025,2025-11-08T17:30:00Z,Sunderland AFC,Arsenal FC,2.0,2.0,FINISHED
2025,2025-11-08T20:00:00Z,Chelsea FC,Wolverhampton Wanderers FC,3.0,0.0,FINISHED
2025,2025-11-09T14:00:00Z,Aston Villa FC,AFC Bournemouth,4.0,0.0,FINISHED
2025,2025-11-09T14:00:00Z,Crystal Palace FC,Brighton & Hove Albion FC,0.0,0.0,FINISHED
2025,2025-11-09T14:00:00Z,Brentford FC,Newcastle United FC,3.0,1.0,FINISHED
2025,2025-11-09T14:00:00Z,Nottingham Forest FC,Leeds United FC,3.0,1.0,FINISHED
2025,2025-11-09T16:30:00Z,Manchester City FC,Liverpool FC,3.0,0.0,FINISHED
2025,2025-11-22T12:30:00Z,Burnley FC,Chelsea FC,0.0,2.0,FINISHED
2025,2025-11-22T15:00:00Z,AFC Bournemouth,West Ham United FC,2.0,2.0,FINISHED
2025,2025-11-22T15:00:00Z,Brighton & Hove Albion FC,Brentford FC,2.0,1.0,FINISHED
2025,2025-11-22T15:00:00Z,Fulham FC,Sunderland AFC,1.0,0.0,FINISHED
2025,2025-11-22T15:00:00Z,Liverpool FC,Nottingham Forest FC,0.0,3.0,FINISHED
2025,2025-11-22T15:00:00Z,Wolverhampton Wanderers FC,Crystal Palace FC,0.0,2.0,FINISHED
2025,2025-11-22T17:30:00Z,Newcastle United FC,Manchester City FC,2.0,1.0,FINISHED
2025,2025-11-23T14:00:00Z,Leeds United FC,Aston Villa FC,1.0,2.0,FINISHED
2025,2025-11-23T16:30:00Z,Arsenal FC,Tottenham Hotspur FC,4.0,1.0,FINISHED
2025,2025-11-24T20:00:00Z,Manchester United FC,Everton FC,0.0,1.0,FINISHED
2025,2025-11-29T15:00:00Z,Sunderland AFC,AFC Bournemouth,3.0,2.0,FINISHED
2025,2025-11-29T15:00:00Z,Brentford FC,Burnley FC,3.0,1.0,FINISHED
2025,2025-11-29T15:00:00Z,Manchester City FC,Leeds United FC,3.0,2.0,FINISHED
2025,2025-11-29T17:30:00Z,Everton FC,Newcastle United FC,1.0,4.0,FINISHED
2025,2025-11-29T20:00:00Z,Tottenham Hotspur FC,Fulham FC,1.0,2.0,FINISHED
2025,2025-11-30T12:00:00Z,Crystal Palace FC,Manchester United FC,1.0,2.0,FINISHED
2025,2025-11-30T14:05:00Z,Aston Villa FC,Wolverhampton Wanderers FC,1.0,0.0,FINISHED
2025,2025-11-30T14:05:00Z,Nottingham Forest FC,Brighton & Hove Albion FC,0.0,2.0,FINISHED
2025,2025-11-30T14:05:00Z,West Ham United FC,Liverpool FC,0.0,2.0,FINISHED
2025,2025-11-30T16:30:00Z,Chelsea FC,Arsenal FC,1.0,1.0,FINISHED
2025,2025-12-02T19:30:00Z,AFC Bournemouth,Everton FC,0.0,1.0,FINISHED
2025,2025-12-02T19:30:00Z,Fulham FC,Manchester City FC,4.0,5.0,FINISHED
2025,2025-12-02T20:15:00Z,Newcastle United FC,Tottenham Hotspur FC,2.0,2.0,FINISHED
2025,2025-12-03T19:30:00Z,Brighton & Hove Albion FC,Aston Villa FC,3.0,4.0,FINISHED
2025,2025-12-03T19:30:00Z,Arsenal FC,Brentford FC,2.0,0.0,FINISHED
2025,2025-12-03T19:30:00Z,Burnley FC,Crystal Palace FC,0.0,1.0,FINISHED
2025,2025-12-03T19:30:00Z,Wolverhampton Wanderers FC,Nottingham Forest FC,0.0,1.0,FINISHED
2025,2025-12-03T20:15:00Z,Liverpool FC,Sunderland AFC,1.0,1.0,FINISHED
2025,2025-12-03T20:15:00Z,Leeds United FC,Chelsea FC,3.0,1.0,FINISHED
2025,2025-12-04T20:00:00Z,Manchester United FC,West Ham United FC,1.0,1.0,FINISHED
2025,2025-12-06T12:30:00Z,Aston Villa FC,Arsenal FC,2.0,1.0,FINISHED
2025,2025-12-06T15:00:00Z,AFC Bournemouth,Chelsea FC,0.0,0.0,FINISHED
2025,2025-12-06T15:00:00Z,Everton FC,Nottingham Forest FC,3.0,0.0,FINISHED
2025,2025-12-06T15:00:00Z,Manchester City FC,Sunderland AFC,3.0,0.0,FINISHED
2025,2025-12-06T15:00:00Z,Newcastle United FC,Burnley FC,2.0,1.0,FINISHED
2025,2025-12-06T15:00:00Z,Tottenham Hotspur FC,Brentford FC,2.0,0.0,FINISHED
2025,2025-12-06T17:30:00Z,Leeds United FC,Liverpool FC,3.0,3.0,FINISHED
2025,2025-12-07T14:00:00Z,Brighton & Hove Albion FC,West Ham United FC,1.0,1.0,FINISHED
2025,2025-12-07T16:30:00Z,Fulham FC,Crystal Palace FC,1.0,2.0,FINISHED
2025,2025-12-08T20:00:00Z,Wolverhampton Wanderers FC,Manchester United FC,1.0,4.0,FINISHED
2025,2025-12-13T15:00:00Z,Chelsea FC,Everton FC,2.0,0.0,FINISHED
2025,2025-12-13T15:00:00Z,Liverpool FC,Brighton & Hove Albion FC,2.0,0.0,FINISHED
2025,2025-12-13T17:30:00Z,Burnley FC,Fulham FC,2.0,3.0,FINISHED
2025,2025-12-13T20:00:00Z,Arsenal FC,Wolverhampton Wanderers FC,2.0,1.0,FINISHED
2025,2025-12-14T14:00:00Z,Sunderland AFC,Newcastle United FC,1.0,0.0,FINISHED
2025,2025-12-14T14:00:00Z,Crystal Palace FC,Manchester City FC,0.0,3.0,FINISHED
2025,2025-12-14T14:00:00Z,Nottingham Forest FC,Tottenham Hotspur FC,3.0,0.0,FINISHED
2025,2025-12-14T14:00:00Z,West Ham United FC,Aston Villa FC,2.0,3.0,FINISHED
2025,2025-12-14T16:30:00Z,Brentford FC,Leeds United FC,1.0,1.0,FINISHED
2025,2025-12-15T20:00:00Z,Manchester United FC,AFC Bournemouth,4.0,4.0,FINISHED
2025,2025-12-20T12:30:00Z,Newcastle United FC,Chelsea FC,2.0,2.0,FINISHED
2025,2025-12-20T15:00:00Z,AFC Bournemouth,Burnley FC,1.0,1.0,FINISHED
2025,2025-12-20T15:00:00Z,Brighton & Hove Albion FC,Sunderland AFC,0.0,0.0,FINISHED
2025,2025-12-20T15:00:00Z,Manchester City FC,West Ham United FC,3.0,0.0,FINISHED
2025,2025-12-20T15:00:00Z,Wolverhampton Wanderers FC,Brentford FC,0.0,2.0,FINISHED
2025,2025-12-20T17:30:00Z,Tottenham Hotspur FC,Liverpool FC,1.0,2.0,FINISHED
2025,2025-12-20T20:00:00Z,Everton FC,Arsenal FC,0.0,1.0,FINISHED
2025,2025-12-20T20:00:00Z,Leeds United FC,Crystal Palace FC,4.0,1.0,FINISHED
2025,2025-12-21T16:30:00Z,Aston Villa FC,Manchester United FC,2.0,1.0,FINISHED
2025,2025-12-22T20:00:00Z,Fulham FC,Nottingham Forest FC,1.0,0.0,FINISHED
2025,2025-12-26T20:00:00Z,Manchester United FC,Newcastle United FC,1.0,0.0,FINISHED
2025,2025-12-27T12:30:00Z,Nottingham Forest FC,Manchester City FC,1.0,2.0,FINISHED
2025,2025-12-27T15:00:00Z,Arsenal FC,Brighton & Hove Albion FC,2.0,1.0,FINISHED
2025,2025-12-27T15:00:00Z,Brentford FC,AFC Bournemouth,4.0,1.0,FINISHED
2025,2025-12-27T15:00:00Z,Burnley FC,Everton FC,0.0,0.0,FINISHED
2025,2025-12-27T15:00:00Z,Liverpool FC,Wolverhampton Wanderers FC,2.0,1.0,FINISHED
2025,2025-12-27T15:00:00Z,West Ham United FC,Fulham FC,0.0,1.0,FINISHED
2025,2025-12-27T17:30:00Z,Chelsea FC,Aston Villa FC,1.0,2.0,FINISHED
2025,2025-12-28T14:00:00Z,Sunderland AFC,Leeds United FC,1.0,1.0,FINISHED
2025,2025-12-28T16:30:00Z,Crystal Palace FC,Tottenham Hotspur FC,0.0,1.0,FINISHED
2025,2025-12-30T19:30:00Z,Burnley FC,Newcastle United FC,1.0,3.0,FINISHED
2025,2025-12-30T19:30:00Z,Chelsea FC,AFC Bournemouth,2.0,2.0,FINISHED
2025,2025-12-30T19:30:00Z,Nottingham Forest FC,Everton FC,0.0,2.0,FINISHED
2025,2025-12-30T19:30:00Z,West Ham United FC,Brighton & Hove Albion FC,2.0,2.0,FINISHED
2025,2025-12-30T20:15:00Z,Arsenal FC,Aston Villa FC,4.0,1.0,FINISHED
2025,2025-12-30T20:15:00Z,Manchester United FC,Wolverhampton Wanderers FC,1.0,1.0,FINISHED
2025,2026-01-01T17:30:00Z,Crystal Palace FC,Fulham FC,1.0,1.0,FINISHED
2025,2026-01-01T17:30:00Z,Liverpool FC,Leeds United FC,0.0,0.0,FINISHED
2025,2026-01-01T20:00:00Z,Sunderland AFC,Manchester City FC,0.0,0.0,FINISHED
2025,2026-01-01T20:00:00Z,Brentford FC,Tottenham Hotspur FC,0.0,0.0,FINISHED
2025,2026-01-03T12:30:00Z,Aston Villa FC,Nottingham Forest FC,3.0,1.0,FINISHED
2025,2026-01-03T15:00:00Z,Brighton & Hove Albion FC,Burnley FC,2.0,0.0,FINISHED
2025,2026-01-03T15:00:00Z,Wolverhampton Wanderers FC,West Ham United FC,3.0,0.0,FINISHED
2025,2026-01-03T17:30:00Z,AFC Bournemouth,Arsenal FC,2.0,3.0,FINISHED
2025,2026-01-04T12:30:00Z,Leeds United FC,Manchester United FC,1.0,1.0,FINISHED
2025,2026-01-04T15:00:00Z,Everton FC,Brentford FC,2.0,4.0,FINISHED
2025,2026-01-04T15:00:00Z,Newcastle United FC,Crystal Palace FC,2.0,0.0,FINISHED
2025,2026-01-04T15:00:00Z,Tottenham Hotspur FC,Sunderland AFC,1.0,1.0,FINISHED
2025,2026-01-04T15:15:00Z,Fulham FC,Liverpool FC,2.0,2.0,FINISHED
2025,2026-01-04T17:30:00Z,Manchester City FC,Chelsea FC,1.0,1.0,FINISHED
2025,2026-01-06T20:00:00Z,West Ham United FC,Nottingham Forest FC,1.0,2.0,FINISHED
2025,2026-01-07T19:30:00Z,AFC Bournemouth,Tottenham Hotspur FC,3.0,2.0,FINISHED
2025,2026-01-07T19:30:00Z,Crystal Palace FC,Aston Villa FC,0.0,0.0,FINISHED
2025,2026-01-07T19:30:00Z,Brentford FC,Sunderland AFC,3.0,0.0,FINISHED
2025,2026-01-07T19:30:00Z,Everton FC,Wolverhampton Wanderers FC,1.0,1.0,FINISHED
2025,2026-01-07T19:30:00Z,Fulham FC,Chelsea FC,2.0,1.0,FINISHED
2025,2026-01-07T19:30:00Z,Manchester City FC,Brighton & Hove Albion FC,1.0,1.0,FINISHED
2025,2026-01-07T20:15:00Z,Burnley FC,Manchester United FC,2.0,2.0,FINISHED
2025,2026-01-07T20:15:00Z,Newcastle United FC,Leeds United FC,4.0,3.0,FINISHED
2025,2026-01-08T20:00:00Z,Arsenal FC,Liverpool FC,0.0,0.0,FINISHED
2025,2026-01-17T12:30:00Z,Manchester United FC,Manchester City FC,2.0,0.0,FINISHED
2025,2026-01-17T15:00:00Z,Sunderland AFC,Crystal Palace FC,2.0,1.0,FINISHED
2025,2026-01-17T15:00:00Z,Chelsea FC,Brentford FC,2.0,0.0,FINISHED
2025,2026-01-17T15:00:00Z,Liverpool FC,Burnley FC,1.0,1.0,FINISHED
2025,2026-01-17T15:00:00Z,Leeds United FC,Fulham FC,1.0,0.0,FINISHED
2025,2026-01-17T15:00:00Z,Tottenham Hotspur FC,West Ham United FC,1.0,2.0,FINISHED
2025,2026-01-17T17:30:00Z,Nottingham Forest FC,Arsenal FC,0.0,0.0,FINISHED
2025,2026-01-18T14:00:00Z,Wolverhampton Wanderers FC,Newcastle United FC,0.0,0.0,FINISHED
2025,2026-01-18T16:30:00Z,Aston Villa FC,Everton FC,0.0,1.0,FINISHED
2025,2026-01-19T20:00:00Z,Brighton & Hove Albion FC,AFC Bournemouth,1.0,1.0,FINISHED
2025,2026-01-24T12:30:00Z,West Ham United FC,Sunderland AFC,3.0,1.0,FINISHED
2025,2026-01-24T15:00:00Z,Burnley FC,Tottenham Hotspur FC,2.0,2.0,FINISHED
2025,2026-01-24T15:00:00Z,Fulham FC,Brighton & Hove Albion FC,2.0,1.0,FINISHED
2025,2026-01-24T15:00:00Z,Manchester City FC,Wolverhampton Wanderers FC,2.0,0.0,FINISHED
2025,2026-01-24T17:30:00Z,AFC Bournemouth,Liverpool FC,3.0,2.0,FINISHED
2025,2026-01-25T14:00:00Z,Crystal Palace FC,Chelsea FC,1.0,3.0,FINISHED
2025,2026-01-25T14:00:00Z,Brentford FC,Nottingham Forest FC,0.0,2.0,FINISHED
2025,2026-01-25T14:00:00Z,Newcastle United FC,Aston Villa FC,0.0,2.0,FINISHED
2025,2026-01-25T16:30:00Z,Arsenal FC,Manchester United FC,2.0,3.0,FINISHED
2025,2026-01-26T20:00:00Z,Everton FC,Leeds United FC,1.0,1.0,FINISHED
2025,2026-01-31T15:00:00Z,Brighton & Hove Albion FC,Everton FC,1.0,1.0,FINISHED
2025,2026-01-31T15:00:00Z,Leeds United FC,Arsenal FC,0.0,4.0,FINISHED
2025,2026-01-31T15:00:00Z,Wolverhampton Wanderers FC,AFC Bournemouth,0.0,2.0,FINISHED
2025,2026-01-31T17:30:00Z,Chelsea FC,West Ham United FC,3.0,2.0,FINISHED
2025,2026-01-31T20:00:00Z,Liverpool FC,Newcastle United FC,4.0,1.0,FINISHED
2025,2026-02-01T14:00:00Z,Aston Villa FC,Brentford FC,0.0,1.0,FINISHED
2025,2026-02-01T14:00:00Z,Manchester United FC,Fulham FC,3.0,2.0,FINISHED
2025,2026-02-01T14:00:00Z,Nottingham Forest FC,Crystal Palace FC,1.0,1.0,FINISHED
2025,2026-02-01T16:30:00Z,Tottenham Hotspur FC,Manchester City FC,2.0,2.0,FINISHED
2025,2026-02-02T20:00:00Z,Sunderland AFC,Burnley FC,3.0,0.0,FINISHED
2025,2026-02-06T20:00:00Z,Leeds United FC,Nottingham Forest FC,3.0,1.0,FINISHED
2025,2026-02-07T12:30:00Z,Manchester United FC,Tottenham Hotspur FC,2.0,0.0,FINISHED
2025,2026-02-07T15:00:00Z,AFC Bournemouth,Aston Villa FC,1.0,1.0,FINISHED
2025,2026-02-07T15:00:00Z,Arsenal FC,Sunderland AFC,3.0,0.0,FINISHED
2025,2026-02-07T15:00:00Z,Burnley FC,West Ham United FC,0.0,2.0,FINISHED
2025,2026-02-07T15:00:00Z,Fulham FC,Everton FC,1.0,2.0,FINISHED
2025,2026-02-07T15:00:00Z,Wolverhampton Wanderers FC,Chelsea FC,1.0,3.0,FINISHED
2025,2026-02-07T17:30:00Z,Newcastle United FC,Brentford FC,2.0,3.0,FINISHED
2025,2026-02-08T14:00:00Z,Brighton & Hove Albion FC,Crystal Palace FC,0.0,1.0,FINISHED
2025,2026-02-08T16:30:00Z,Liverpool FC,Manchester City FC,1.0,2.0,FINISHED
2025,2026-02-10T19:30:00Z,Chelsea FC,Leeds United FC,2.0,2.0,FINISHED
2025,2026-02-10T19:30:00Z,Everton FC,AFC Bournemouth,1.0,2.0,FINISHED
2025,2026-02-10T19:30:00Z,Tottenham Hotspur FC,Newcastle United FC,1.0,2.0,FINISHED
2025,2026-02-10T20:15:00Z,West Ham United FC,Manchester United FC,1.0,1.0,FINISHED
2025,2026-02-11T19:30:00Z,Aston Villa FC,Brighton & Hove Albion FC,1.0,0.0,FINISHED
2025,2026-02-11T19:30:00Z,Manchester City FC,Fulham FC,3.0,0.0,FINISHED
2025,2026-02-11T19:30:00Z,Nottingham Forest FC,Wolverhampton Wanderers FC,0.0,0.0,FINISHED
2025,2026-02-11T19:40:00Z,Crystal Palace FC,Burnley FC,2.0,3.0,FINISHED
2025,2026-02-11T20:15:00Z,Sunderland AFC,Liverpool FC,0.0,1.0,FINISHED
2025,2026-02-12T20:00:00Z,Brentford FC,Arsenal FC,1.0,1.0,FINISHED
2025,2026-02-18T20:00:00Z,Wolverhampton Wanderers FC,Arsenal FC,2.0,2.0,FINISHED
2025,2026-02-21T15:00:00Z,Aston Villa FC,Leeds United FC,1.0,1.0,FINISHED
2025,2026-02-21T15:00:00Z,Brentford FC,Brighton & Hove Albion FC,0.0,2.0,FINISHED
2025,2026-02-21T15:00:00Z,Chelsea FC,Burnley FC,1.0,1.0,FINISHED
2025,2026-02-21T17:30:00Z,West Ham United FC,AFC Bournemouth,0.0,0.0,FINISHED
2025,2026-02-21T20:00:00Z,Manchester City FC,Newcastle United FC,2.0,1.0,FINISHED
2025,2026-02-22T14:00:00Z,Sunderland AFC,Fulham FC,1.0,3.0,FINISHED
2025,2026-02-22T14:00:00Z,Crystal Palace FC,Wolverhampton Wanderers FC,1.0,0.0,FINISHED
2025,2026-02-22T14:00:00Z,Nottingham Forest FC,Liverpool FC,0.0,1.0,FINISHED
2025,2026-02-22T16:30:00Z,Tottenham Hotspur FC,Arsenal FC,1.0,4.0,FINISHED
2025,2026-02-23T20:00:00Z,Everton FC,Manchester United FC,0.0,1.0,FINISHED
2025,2026-02-27T20:00:00Z,Wolverhampton Wanderers FC,Aston Villa FC,2.0,0.0,FINISHED
2025,2026-02-28T12:30:00Z,AFC Bournemouth,Sunderland AFC,1.0,1.0,FINISHED
2025,2026-02-28T15:00:00Z,Burnley FC,Brentford FC,3.0,4.0,FINISHED
2025,2026-02-28T15:00:00Z,Liverpool FC,West Ham United FC,5.0,2.0,FINISHED
2025,2026-02-28T15:00:00Z,Newcastle United FC,Everton FC,2.0,3.0,FINISHED
2025,2026-02-28T17:30:00Z,Leeds United FC,Manchester City FC,0.0,1.0,FINISHED
2025,2026-03-01T14:00:00Z,Brighton & Hove Albion FC,Nottingham Forest FC,2.0,1.0,FINISHED
2025,2026-03-01T14:00:00Z,Fulham FC,Tottenham Hotspur FC,2.0,1.0,FINISHED
2025,2026-03-01T14:00:00Z,Manchester United FC,Crystal Palace FC,2.0,1.0,FINISHED
2025,2026-03-01T16:30:00Z,Arsenal FC,Chelsea FC,2.0,1.0,FINISHED
2025,2026-03-03T19:30:00Z,AFC Bournemouth,Brentford FC,0.0,0.0,FINISHED
2025,2026-03-03T19:30:00Z,Everton FC,Burnley FC,2.0,0.0,FINISHED
2025,2026-03-03T19:30:00Z,Leeds United FC,Sunderland AFC,0.0,1.0,FINISHED
2025,2026-03-03T20:15:00Z,Wolverhampton Wanderers FC,Liverpool FC,2.0,1.0,FINISHED
2025,2026-03-04T19:30:00Z,Aston Villa FC,Chelsea FC,1.0,4.0,FINISHED
2025,2026-03-04T19:30:00Z,Brighton & Hove Albion FC,Arsenal FC,0.0,1.0,FINISHED
2025,2026-03-04T19:30:00Z,Fulham FC,West Ham United FC,0.0,1.0,FINISHED
2025,2026-03-04T19:30:00Z,Manchester City FC,Nottingham Forest FC,2.0,2.0,FINISHED
2025,2026-03-04T20:15:00Z,Newcastle United FC,Manchester United FC,2.0,1.0,FINISHED
2025,2026-03-05T20:00:00Z,Tottenham Hotspur FC,Crystal Palace FC,1.0,3.0,FINISHED
2025,2026-03-14T15:00:00Z,Sunderland AFC,Brighton & Hove Albion FC,0.0,1.0,FINISHED
2025,2026-03-14T15:00:00Z,Burnley FC,AFC Bournemouth,0.0,0.0,FINISHED
2025,2026-03-14T17:30:00Z,Arsenal FC,Everton FC,2.0,0.0,FINISHED
2025,2026-03-14T17:30:00Z,Chelsea FC,Newcastle United FC,0.0,1.0,FINISHED
2025,2026-03-14T20:00:00Z,West Ham United FC,Manchester City FC,1.0,1.0,FINISHED
2025,2026-03-15T14:00:00Z,Crystal Palace FC,Leeds United FC,0.0,0.0,FINISHED
2025,2026-03-15T14:00:00Z,Manchester United FC,Aston Villa FC,3.0,1.0,FINISHED
2025,2026-03-15T14:00:00Z,Nottingham Forest FC,Fulham FC,0.0,0.0,FINISHED
2025,2026-03-15T16:30:00Z,Liverpool FC,Tottenham Hotspur FC,1.0,1.0,FINISHED
2025,2026-03-16T20:00:00Z,Brentford FC,Wolverhampton Wanderers FC,2.0,2.0,FINISHED
2025,2026-03-20T20:00:00Z,AFC Bournemouth,Manchester United FC,2.0,2.0,FINISHED
2025,2026-03-21T12:45:00Z,Brighton & Hove Albion FC,Liverpool FC,2.0,1.0,FINISHED
2025,2026-03-21T15:00:00Z,Fulham FC,Burnley FC,3.0,1.0,FINISHED
2025,2026-03-21T17:30:00Z,Everton FC,Chelsea FC,3.0,0.0,FINISHED
2025,2026-03-21T20:00:00Z,Leeds United FC,Brentford FC,0.0,0.0,FINISHED
2025,2026-03-22T12:00:00Z,Newcastle United FC,Sunderland AFC,1.0,2.0,FINISHED
2025,2026-03-22T14:15:00Z,Aston Villa FC,West Ham United FC,2.0,0.0,FINISHED
2025,2026-03-22T14:15:00Z,Tottenham Hotspur FC,Nottingham Forest FC,0.0,3.0,FINISHED
2025,2026-04-10T19:00:00Z,West Ham United FC,Wolverhampton Wanderers FC,4.0,0.0,FINISHED
2025,2026-04-11T11:30:00Z,Arsenal FC,AFC Bournemouth,1.0,2.0,FINISHED
2025,2026-04-11T14:00:00Z,Brentford FC,Everton FC,2.0,2.0,FINISHED
2025,2026-04-11T14:00:00Z,Burnley FC,Brighton & Hove Albion FC,0.0,2.0,FINISHED
2025,2026-04-11T16:30:00Z,Liverpool FC,Fulham FC,2.0,0.0,FINISHED
2025,2026-04-12T13:00:00Z,Sunderland AFC,Tottenham Hotspur FC,1.0,0.0,FINISHED
2025,2026-04-12T13:00:00Z,Crystal Palace FC,Newcastle United FC,2.0,1.0,FINISHED
2025,2026-04-12T13:00:00Z,Nottingham Forest FC,Aston Villa FC,1.0,1.0,FINISHED
2025,2026-04-12T15:30:00Z,Chelsea FC,Manchester City FC,0.0,3.0,FINISHED
2025,2026-04-13T19:00:00Z,Manchester United FC,Leeds United FC,1.0,2.0,FINISHED
2025,2026-04-18T11:30:00Z,Brentford FC,Fulham FC,0.0,0.0,FINISHED
2025,2026-04-18T14:00:00Z,Newcastle United FC,AFC Bournemouth,1.0,2.0,FINISHED
2025,2026-04-18T14:00:00Z,Leeds United FC,Wolverhampton Wanderers FC,3.0,0.0,FINISHED
2025,2026-04-18T16:30:00Z,Tottenham Hotspur FC,Brighton & Hove Albion FC,2.0,2.0,FINISHED
2025,2026-04-18T19:00:00Z,Chelsea FC,Manchester United FC,0.0,1.0,FINISHED
2025,2026-04-19T13:00:00Z,Nottingham Forest FC,Burnley FC,4.0,1.0,FINISHED
2025,2026-04-19T13:00:00Z,Aston Villa FC,Sunderland AFC,4.0,3.0,FINISHED
2025,2026-04-19T13:00:00Z,Everton FC,Liverpool FC,1.0,2.0,FINISHED
2025,2026-04-19T15:30:00Z,Manchester City FC,Arsenal FC,2.0,1.0,FINISHED
2025,2026-04-20T19:00:00Z,Crystal Palace FC,West Ham United FC,0.0,0.0,FINISHED
2025,2026-04-21T19:00:00Z,Brighton & Hove Albion FC,Chelsea FC,3.0,0.0,FINISHED
2025,2026-04-22T19:00:00Z,AFC Bournemouth,Leeds United FC,2.0,2.0,FINISHED
2025,2026-04-22T19:00:00Z,Burnley FC,Manchester City FC,0.0,1.0,FINISHED
2025,2026-04-24T19:00:00Z,Sunderland AFC,Nottingham Forest FC,0.0,5.0,FINISHED
2025,2026-04-25T11:30:00Z,Fulham FC,Aston Villa FC,1.0,0.0,FINISHED
2025,2026-04-25T14:00:00Z,Liverpool FC,Crystal Palace FC,3.0,1.0,FINISHED
2025,2026-04-25T14:00:00Z,West Ham United FC,Everton FC,2.0,1.0,FINISHED
2025,2026-04-25T14:00:00Z,Wolverhampton Wanderers FC,Tottenham Hotspur FC,0.0,1.0,FINISHED
2025,2026-04-25T16:30:00Z,Arsenal FC,Newcastle United FC,1.0,0.0,FINISHED
2025,2026-04-27T19:00:00Z,Manchester United FC,Brentford FC,2.0,1.0,FINISHED
2025,2026-05-01T19:00:00Z,Leeds United FC,Burnley FC,,,TIMED
2025,2026-05-02T14:00:00Z,Brentford FC,West Ham United FC,,,TIMED
2025,2026-05-02T14:00:00Z,Newcastle United FC,Brighton & Hove Albion FC,,,TIMED
2025,2026-05-02T14:00:00Z,Wolverhampton Wanderers FC,Sunderland AFC,,,TIMED
2025,2026-05-02T16:30:00Z,Arsenal FC,Fulham FC,,,TIMED
2025,2026-05-03T13:00:00Z,AFC Bournemouth,Crystal Palace FC,,,TIMED
2025,2026-05-03T14:30:00Z,Manchester United FC,Liverpool FC,,,TIMED
2025,2026-05-03T18:00:00Z,Aston Villa FC,Tottenham Hotspur FC,,,TIMED
2025,2026-05-04T14:00:00Z,Chelsea FC,Nottingham Forest FC,,,TIMED
2025,2026-05-04T19:00:00Z,Everton FC,Manchester City FC,,,TIMED
2025,2026-05-09T11:30:00Z,Liverpool FC,Chelsea FC,,,TIMED
2025,2026-05-09T14:00:00Z,Sunderland AFC,Manchester United FC,,,TIMED
2025,2026-05-09T14:00:00Z,Brighton & Hove Albion FC,Wolverhampton Wanderers FC,,,TIMED
2025,2026-05-09T14:00:00Z,Fulham FC,AFC Bournemouth,,,TIMED
2025,2026-05-09T16:30:00Z,Manchester City FC,Brentford FC,,,TIMED
2025,2026-05-10T13:00:00Z,Crystal Palace FC,Everton FC,,,TIMED
2025,2026-05-10T13:00:00Z,Burnley FC,Aston Villa FC,,,TIMED
2025,2026-05-10T13:00:00Z,Nottingham Forest FC,Newcastle United FC,,,TIMED
2025,2026-05-10T15:30:00Z,West Ham United FC,Arsenal FC,,,TIMED
2025,2026-05-11T19:00:00Z,Tottenham Hotspur FC,Leeds United FC,,,TIMED
2025,2026-05-13T19:00:00Z,Manchester City FC,Crystal Palace FC,,,TIMED
2025,2026-05-17T11:30:00Z,Aston Villa FC,Liverpool FC,,,TIMED
2025,2026-05-17T11:30:00Z,Manchester United FC,Nottingham Forest FC,,,TIMED
2025,2026-05-17T14:00:00Z,Brentford FC,Crystal Palace FC,,,TIMED
2025,2026-05-17T14:00:00Z,Everton FC,Sunderland AFC,,,TIMED
2025,2026-05-17T14:00:00Z,Leeds United FC,Brighton & Hove Albion FC,,,TIMED
2025,2026-05-17T14:00:00Z,Wolverhampton Wanderers FC,Fulham FC,,,TIMED
2025,2026-05-17T16:30:00Z,Newcastle United FC,West Ham United FC,,,TIMED
2025,2026-05-18T19:00:00Z,Arsenal FC,Burnley FC,,,TIMED
2025,2026-05-19T18:30:00Z,AFC Bournemouth,Manchester City FC,,,TIMED
2025,2026-05-19T19:15:00Z,Chelsea FC,Tottenham Hotspur FC,,,TIMED
2025,2026-05-24T15:00:00Z,Sunderland AFC,Chelsea FC,,,TIMED
2025,2026-05-24T15:00:00Z,Brighton & Hove Albion FC,Manchester United FC,,,TIMED
2025,2026-05-24T15:00:00Z,Crystal Palace FC,Arsenal FC,,,TIMED
2025,2026-05-24T15:00:00Z,Burnley FC,Wolverhampton Wanderers FC,,,TIMED
2025,2026-05-24T15:00:00Z,Fulham FC,Newcastle United FC,,,TIMED
2025,2026-05-24T15:00:00Z,Liverpool FC,Brentford FC,,,TIMED
2025,2026-05-24T15:00:00Z,Manchester City FC,Aston Villa FC,,,TIMED
2025,2026-05-24T15:00:00Z,Nottingham Forest FC,AFC Bournemouth,,,TIMED
2025,2026-05-24T15:00:00Z,Tottenham Hotspur FC,Everton FC,,,TIMED
2025,2026-05-24T15:00:00Z,West Ham United FC,Leeds United FC,,,TIMED
